ChannelID,Title,ViewCount,SubscriberCount,VideoCount
UCs9b0NyzHNp9JQrTL3MXZjw,디진남 Dejinnam- 디저트에 진심인 남자,4748283,7420,469
UCRI7UOrsN1noBeRYndFs8wA,제리얌 Jelly Yum,182781675,196000,733
UC-2u7dkhlFfmXzEA4EpftJg,요리요리 K-Food,244409525,318000,355
UCf58P6ztUQqKz_4VOmOON3Q,펀츄라이크,843245,1170,432
UCowYPFE1HKn0mhG0JAJ99vQ,반딧불이,136017,71,31
UCb6uSKrF8frmRewPQLkHXQA,우쥬,6720097,12900,93
UC5tNnix4D1xOmeAmIzUCuLQ,민욜티비 みにょるTV,576683,3900,107
UCsM07dUwo0WOWhFbVsG8K6A,CU [씨유튜브],255005022,818000,913
UCIQ1iuhvMv2BuZYXBjBeiAg,Milk Mommy,2220,4,3
UCyR2lhI2F23_nAaUilGwtbA,거제짱돌tv,572433,791,680
UC6H-Z2uYlHbViJmTU8XqK0Q,위성이,31577,25,36
UCHKXElXEFXCzP8d1gQSr5aQ,우리는편의점식구 No.1,3280239,10600,2842
UCVbYUFQu6pOHr_7bOTAZisQ,딩굴다현,16706054,14800,265
UCsWqCzhgA8tsEDNMofq9i0Q,편선생TV,1523986,8130,356
UCKOBBEXO5hVF-UnuZhkik8g,헤이 주디 Hey Judy Eats,3914842,10500,175
UCh-MYqTc9WP1Z84eEgdyahA,두리먹(durimuk),133074,93,147
UCydMyt4I5s7sTpnXas1wEdA,원세,14567,27,48
UC0XcZikuraijCVXMSJZyyDQ,Ryan TV,381031,374,705
UCMa-5a4Hg3KnbiDOvhdfb3w,TwinRoozi 쌍둥이 루지,6855204405,10700000,655
UCRmqLP3QlMMV6Yyyr6HKFwg,1분위스키,620697,1060,69
UCB8ixQyeAJbAG7hM8AuHXtA,점원테이블 dot1 table,1617,3,12
UCzL_e71-DtYOCza1pJUl8xA,큰머리언니,44953,33,80
UCM22Rj6KSpeuxbHmENLy2vg,마시썬,2113737,2610,380
UChzEV5QYwq69BPTYiFSVpuQ,집순이모드,6666,4,5
UCZyHzav_zkZFW9u8g3iwmNw,햎햄,364,3,36
UCBHBS7f4juaQ8KqSBMr6GEA,라면정복자피키,1467522,4620,572
UCqWdPfRO0PNL_Xt2Y-mSxVw,요즘신상,378540,489,84
UCao4qHQPcLZSRbRdsrrFRYw,짤컷,1595288474,1960000,824
UCOIer29XZipSE_4OkMUqrCQ,요롱이네 식품리뷰 먹방,852275,1790,904
UCOgBY_3qCy67CeFkkDwxE-g,현대전기상사 / HD조명TV,196161,297,425
UC3Q48bpDVdvsUGsRnCcGajw,다먹냠 ?!,685883,681,398
UCKm4qym2JWqI4w6tlKdjCwA,Klaudia Mosolygó,2158662,6620,191
UCjvPaV4O4cbeRxhjBAlCUFA,제이슨이츠 JasonEats,308212,692,298
UChlgI3UHCOnwUGzWzbJ3H5w, YTN,15685088728,4870000,835191
UCCn2r3hYpw8SCZlK0k6h0JA,먹고라니 Meokgorani,96360,62,17
UCuteaGLaJbA9wdagaK1w3Mg,나리,59236,300,8
UCH3h_a9JD2F0RQyft7ombfw,이코노미스트,1974749,16600,222
UCnL1m_iPeN8vX7zFHoB4SYg,테헤란로405,709407,1860,373
UCJzYwQjMYOsrZAHbf0FKM4A,화사한감자,1089572,741,959
UCcODtSizDiq5ybmdJ8KJsWA,cindythi,99475787,131000,325
UCASnaLPzzSB9H7Z_qCW1JQQ,4K KOREA,1967554,10100,622
UClMpIaLtHo8VhuMs8NR4VwA,빈둥입니다만,100608,117,112
UCDbhLQfQe7TNkbkZsFXUofA,먹자매,1792847,3040,1205
UCoFhuQLqMeFdrAzIZtpe0ew,대구근교 |경상도 아빠여행,1203464,2350,233
UC9d7jl5tz-sRl-gJt_opm_Q,수아홀릭_217,533931,599,686
UCnfwIKyFYRuqZzzKBDt6JOA,매일경제TV,188311437,770000,40019
UCOa8NGMgcuRu3MxaOoQ1o_A,씨유알럽,210882,300,52
UC1FZppTEDg3zkAVKq59tovQ,ssuzyday,49657,27,26
UCUkCF-2WnyShHcbyw2vem3g,신상주부,515627,358,277
UCaqWE6BOjmbW5ckurFlTG-w,꿀플,117446600,102000,560
UCZdZD_q4xh-8gKgWX949Yvg,냠냠,313961568,297000,603
UCmvESrGK8gjt5uHeXs-HGEQ,ASMR 동구,9151352,29800,352
UCSmIYmNRWJc3Tv1UbmCatbw,수짱하고싶은거다해💡,127530,147,54
UC2cxqyGjZ41vzKZ-Hx2ILfw,친따소,705729,2790,191
UCwPyfapS2pv7xpMK2NT8gLw,뉴민상,61162287,186000,719
UCGvugLvHVBvivnUhWARvAGw,심양갱,40086,36,91
UCoP4AaaxL7ZxesHWy-8eMQQ,미찐직장인🤡,164803,99,88
UCCL2Kd-TUmBEIq2vw_O3HZg,꿈꾸는로제,34305,30,48
UCxhVnFLHqBvFGwgpRLxhN8Q,게임러버,22846,33,11
UCt_rTwePfSoKsQU5FCKToWA,강아지 집사♡,1269397,2570,145
UCCPIEOSvt1LgRipy1ZpP_TQ,수와별,727781,507,164
UC1UM42_R51EOe-PU2wamO3A,편돌이7(세븐),267126,1440,125
UCl85oH_vx4KdEOY6JseKRqw,COMME CH,23650763,7860,8229
UCg7mmOadibPeWkqtBalHoRw,EnjoyTrip,137393,123,219
UC-qqHb7BVnKPMJtgTToIagw,비쥬월드,44354,57,29
UCW6N2WPTZZM-J7eSdLQWcbg,DALDAL_Hi 달달하이,4219154,9450,679
UCc9rDKL8QYYpgeuT04wN2dg,펫리뷰,23319402,32000,8994
UChh5ZV8-V3xTe494ClSmCGA,깔치는 개엄마 ,1108506,568,413
UCdDKOkid24zwr8Z2G7Kf5jA,<빨시계>,233715,1060,83
UCWpqeF2aqOcmjpbyqxCoi4w,레몬TV,74587,131,455
UCzpQ12GF06yxrb0HwR2Jvdw,아카펠라 나린_Narin,45014143,443000,423
UC3Y7dRTB5aOPyo7pzb2-Rzg,하또냠,1385969,1160,138
UC0nLl12UVCzQGTJIejlP8uA,따라잡아경제,3231344,7750,717
UCQTtu7l1BqkCoF4CmCw3aAw,Sinae Eats시내,155200976,477000,825
UC-Y5qGGDB50KfTArLa0g2Eg,쉬운살림,11165153,14200,91
UCy2ghXvpRC-egX3Rp9wuH1A,네깅,88400,47,20
UCBLzKyT0vt3Lp99hbewou3g,BKY English,268573,537,217
UC_ziJwKuX2djzmqqRKVXh8w,영종도방방곡곡,170441,694,192
UCIFr5yGwoWfi_2A4Mfa6JYA,신상털이,199235,139,78
UCyUDHSIQwp-RAjPTRNfDoag,강삐르,696808,806,386
UCc8n1d-IVJsZnnb50ubohXA,디슈 D'shu,63245,191,46
UCw-QmownJwilhTje10TYlIg,HIU 하이유,3042853011,5650000,876
UCA0y0n4C50RwSfQZQ2HT8_Q,빨간조끼아저씨,44508344,59900,7583
UCeb59mKOGlQlxD-n9kzilww,빵소리 BBANGSORI,1510151,7350,86
UCOoeGGdxl61bii1ueImdpxA,달달,2304,0,17
UCY_OzfmQ-mdFhsPYL5kr3kw,잼공룡2022,81506,123,1126
UC4DuHAYUkb6C7x3kLJ7EYDQ,레몽몽,4405509,1560,566
UCh4Z2RSCOjOKV-j6dPM8vGA,Park hoho박호호,77898,43,20
UCsbAdaRJIwMwPtmfutaUV9A,산만한 흐주,255278,202,325
UCzfdjFvUH9ywoUETC7yEswA,Hi김성준,752256,1170,962
UC9Ocst-U-3lHEfLwd_qpAKw,맛집탐험대(아재입맛),1449918,1570,715
UCcIVnF8MVxC0KkWzhJ6H7Lw,육아중수의 경험,295941,201,512
UC0RoXSbYTdyd5o2lOQrie8A,도리투어,1051159,287,71
UCrpoE9e2-eWcj8AYvwYdebw,에드머 Edmmer,396676453,533000,2618
UChOR4J5pIyD2DbVT72PmBOQ,간식톡,2191094,4690,144
UC_-L5NFweHIMk_5bPmBmdBg,진슬토리 Tori,2281220,4010,317
UCDL5z9afwoZWkaLmjckGTeA,💦물망초 일상💦,174017,372,410
UCjK6O2LrsctJXPNyqad4HPw,Findoutdessert,406648,774,209
UCsVl0OPn3acSVI5pa1buv3Q,김오리농장🐥,30354,33,44
UCt4K8HRTrN21pTrn_3_hNxA,홍프로디테,4872872,10500,321
UCoUlTXkcDV5wJyH8T-t0wDQ,창돌이 ChangDoRi,3211011,2630,298
UCTR98Sg8pW5LSOJ_iYp1e_A,먹리뷰,69125,43,41
UCxAuYZvsSVD6Wvm1k-c8tDg,♡입맛없는아빠♡,539762,523,1211
UCAsHJbPbGENF_KJYhcdV0dw,나나 Nanasserie,80869291,298000,618
UCysSC6UjONpWKMbBupJZjpg,[빵튜브] 뽀니 BreadTube,66029628,146000,1018
UCAMUC7lNMipXUT_Cy3EEF9A,홀리몰리트레블,117881,60,38
UCbYq4WI1yyU_SJSniLtmg2w,조윤삼choyoonsam,382606,1400,249
UC8hX7BfjDQgKDXWEfCebuVA,이투스247분당정자,76522,50,43
UCXVj32pdYDZk6JldJkhV49Q,도시채 TV,41675,41,46
UC8INO9LCKcUt9J_QIKz3QfA,사소한하루,508745,558,885
UCzjER1W-3Oo01_R_h5XGrvQ,마스터D [고품격음식리뷰],515208,2310,181
UC1r112Pr9Ngcg2NtcE946HQ,맛상무,301235455,637000,1822
UCJq38T1t7EPoIqPPeQJB-bQ,백백백 backback100,186923,612,489
UCuNpyPUYndbYahKY0AfqNww,링빵 Ring Bang,749463,6880,316
UCVF5rlUt-G6-yXijS9_qCww,Winter Aurora,14944,42,105
UCxECjQAglnr5s7L8Qbu-TGw,호홋Hohot,442711,383,64
UCa6evMPhCxKbCpbKucCwQfw,한입식탁 hanest table,59964,42,167
UCmzETbAPgxhjZNN8ovIJHew,방박사,74272,237,57
UCgW1Ic2K50WmrMyOLwmBcfw,Ganii_가니,29125752,50400,461
UCk5k48i9wq4Yoj-f1rZ1H1g,두부워니,13521,99,48
UCuws1NBQjyEa0oosFZANdCg,차오름주식tv,172739,591,131
UCAL7b8aUEnDqY3BngYWmcEg,여원맛집,5062528,3530,255
UCLSAkTrvVpIFM4Eot7y67ng,나잘먹 (najalmeog),8109017,8720,2980
UCefIHuRu7s6x45XhQP-ZD9w,또? 너야!,635460,848,158
UCGxDEFrY6UUFvT91fb4MtFA,제주외벽청소,424559,1290,324
UCbmXjlfbR9A8_1E7wKInEKQ,소식냠쩝,247690,1420,112
UCVyHxL3QGz29lKlsLPfy6YQ,요리삼,1008434,1530,754
UCpsMLo-e7Mf7p-XIJ-F8JaA,지닌,113537,472,81
UCm0hDgsXhwH9DyWjFg6q_QA,"온라인 김부장, 뭐먹고 살지?",5090732,9430,13847
UC1P_nZXaUVPCWKpjxO5nnvQ,홍다뷰,285349,226,157
UCAKs57qhGquQrYoOBwHzztQ,Way to go 민주,110685,1850,20
UCdxSnDkkLRdPVFMzYwCyjLA,반백이,1813539,1980,2624
UCyNsQI4_mdsaH3ECL8-w19Q,하현재TV : Team Presenta,1202296,9260,2153
UCZQ6w1stLoLKySPcjLkqspA,미니미니마미모 ,2076965,3190,704
UC6OsLV_m6rqVgQNg66UcP1Q,바카바카&하이패밀리,2168816,2650,1020
UCLLo3MaJYSuyP5xLgM5Zr2w,깐따삐야,22671979,52000,1351
UC_uTl6qCnhS6SfvVdBvcoXg,서자두 Seojadoo,1915,8,2
UCF2ndnxchzjyBTIsHXY4qlw,빵찬하루,9027,8,9
UCwIRIiVnypgQfba4ZB2d-Hg,부기런 Boogirun,31421116,34400,177
UCR6QKVonFT_vVJ3KKIyr_wA,또아TV,12302,54,93
UC69YJ7OQZq6Qmw9rGvCyKMw,구미부동산투자연구소,155117,915,203
UCY3AdnQkATGBKI9xJ8QTfUA,영화보는스폰지,1932659,2050,3162
UCsVQQjR1ZiapE3rN1QnpSAw,유진97(YUJIN97),809178,1540,494
UCme_HxvO9XRqPTuY0nKgXgA,장감독,350137,1310,184
UCkOh00x6G0fLF59MJ5rc-4A,유지훈,7317104,4910,12710
UCqFwOmfFRI4En7AVz0LHpvA,모마시집 (momasi.zip),496021,491,119
UCYGy-PRjnGW3DkfBlssEcOg,놀자놀터,671237,696,574
UCkvPAPRhGBhAQlhmhiAwwgw,jjoongs jjoongs,186324,207,291
UCGToD-zycyuBxAcAtK5Z5Uw,초꿈놀이,1397235,2020,221
UCPJnz3HRuzUFVaQRH8jpOpQ,미래MIRAE,97237,132,302
UClgcLLxsp3kv-ZLJ_eL4Hxg,또리삼촌_Uncle Ddori,2201685,2760,3605
UC-wocImdZdGZX6jBDRMEGIA,예진イェジン,18641220,258000,88
UCoAyzS1npZlzlZbLiy216ig,An,24785,15,32
UCeyV7EDHTq6jfoZ73YoCXow,요아나Yoana,52803,677,23
UCjg3hrVHOKn0XTFEMTImylw,jabjisick,4388,5,5
UC60126GZFq0ALxVjTcl0QrQ,효비HyoBee,33407744,54300,895
UCVtFS74ltVjXDao1LPrE5Fg,봄사월 엄마,1689,2,17
UCmbGE7Y2ov7pTBuUrkXgtTQ,할명수,482953705,1550000,832
UCb6R0cb5wEHOVlRClWKdjeQ,홈텐더둘리_종왑Bar,85076,56,60
UCeHaCdcG2SffO2gMXHS44Jw,여행과 맛,180083,397,164
UC7NMVyBKZjMM8NUrWcFkasA,카페바제 리뷰 CaffeBase,456298,661,142
UC2wZJuuD_WA9ps2FORco1EQ,"까니짱 [ KANI, 蟹ちゃん]",1600676592,4980000,1021
UCvm18bOPP1O0XhGf8vuGuFQ,우리집 술무부장관,2404374,2940,168
UCtzZaJQfGwUC-YqGTMbBbHg,또소시월,278110,188,167
UC6C2q8vR9Kcm0OfCmKGY3IQ,규빈푸드 GYUBINFOOD,1371907,1010,2532
UCYwUQiU9OxedwpehUhgC7kQ,아이리뷰유,34853581,20900,419
UCE2zAooZLVjlkU6zMYt0p-w, 하늘 [HANEUL],195071,276,671
UCfNPE1jHVFADR46FCy310HQ,이투스기숙학원,2107272,2380,526
UCnCBXmByAj0wL40y113cC7g,어쩌다보니 점주딸,998,2,2
UCLF_QPi_B9yGAQ5XR7OulSw,찌니♡,280,5,9
UC7zztGSAEGrfRWl0IjcJoiQ,속초OK부동산,2127911,1940,3642
UChDc2YjR0O682oeI-kNdLng,DONGYOONG KIM,642699,808,2305
UCjGFNhsJrGJOGCZm3WrW87g,이것저것 채널,739,0,2
UCqzGXLoyBqKFoPVyHGHo5VQ,신상팬다,2612681,3000,249
UCEUwiCVHS_ZEnxCdgypr1MA,맛보살,63035,38,19
UCUaZynW_gGLcUgATq_ptzoQ,Hello 녕,303591,948,215
UCdU4CThv6sG6zLRY5DL9PPA,Imagine Our Korea,46024,36,194
UC6H2bshjAssS8Rcph_J4DzQ,뚱스뚱스한하루,11387,27,54
UC55arYdeO8boB6try0IkdXA,Grif's Food and Travel,2894637,15600,487
UCFO2Jm6QXdSjv-D9mgm9JLA,Random-Go,1416,3,15
UCbt_dremvvERL7mXMkker3A,현건우🖤,19850,121,1217
UC05J_zxfQEy_ZInnRkR1KjQ,하이토잇 Hi Toy&Eat review,49046731,133000,609
UCsuvpzTS3LIR5067VnPoBOA,인터비즈 INTERBIZ,1766240,1260,205
UC9CkA6qNqY2sV6ZKDOJ8XTQ,김나영,139,0,1
UCSj_Sfjb-g1XWz4osn72--A,황씨아(자)씨,7034,15,62
UCvbn8UVj8KcQIZiS-Muc4Sw,쿠마유,50892,92,156
UCd4DCyfcltTXuL2cStlESXA,음식 채널 Food Channel,156225,167,642
UCsz2_4tao95RH_jNbvgtqdA,HANKANG River,3731384,2310,6101
UCwcW4FShIfgFCPnBrFQt0kw,Samgak.Kimbap 三角飯糰,54130,682,55
UCXSnZAZYdm0nEKMKvDj7MZg,얼렁뚱땅 애니,309188,316,57
UCnhONTiaXsEkshgbMuGH-Gw,야먹자 yamukja,53174537,39000,332
UCUF8IRg0X7jU89alfKer4Xw,솜다씨,80029,272,187
UCAyAO7ReNfp9KmWZkGnxryw,은수기,29,0,2
UCGay7qBB--ANYodeKZzYcCw,천은숙,16,0,1
UCXcF-LG_5VamnA-6mUXmchA,금왕솥뚜껑부대찌개삼겹살,527063,1120,988
UCZVKVRuiWY36s7PXaet9RVA,현수에요,163380304,100000,537
UCB3CjbITCzKM6-YeErE89uA,주간뉴스808,6,0,2
UCXEWZbmqMIq44yuAMx2x84Q,리뷰레니 Review Leni,691660,610,75
UCWKskJ41rh-CcuqW96AnJ-Q,채잉어빵🩵🤎,1253967,1430,3270
UCrNa5VJGr7jfJznHy9DI6tg,옷파는 먹기린,516368,582,269
UCSF5HyTJt7O5JnujsBsFbPw,꿀꺽,201306,129,45
UChA4jKuiiNw0QtsbHPlLLYg,술효니 Hyony,208393,531,131
UCfb9Jd8jSbaw1c2Z3nw_Rag,편순이 김포크,52815,82,116
UC86P4-TeYoGF7xvf--Gnt_w,이바뷰,796810,761,89
UCLmZP24-z2VZEjUQ9EASw-w,편의점대빵미미,1134002,4640,92
UCzchBTCp5a_JNEnTn8UzPLw,PORONG 포롱,51054,47,52
UC-pXaRbTkhOnOUjsv96QHMg,코저트 Cossert,228702765,551000,1084
UCVcfQ5i1mAldGy1rnpmf0dw,송사랑,14326088,31100,4585
UC2bN1vE7esxNXhBSYIHzQwg,은하루,85343030,69400,348
UCA5tX2Cy-hJkFzezPQrU0yQ,EATSENSE,289121,352,436
UC8QRO0ho64HYAx4Tm6t92bg,사발맨,50467,89,32
UC19y1Vz-K5rUeWzCouRBg7Q,또또커플 DDO_DDO Couple,465058437,339000,313
UCmkdfJcpFbkM-gUOKdximzA,토담토담,12082,33,26
UCs6xFswdvnR26i9YGbUwTIw,편쿡,1545103,1460,63
UCly4hO8bdbj2SvX-fxDl2gg,김서방네,29136,23,76
UC5c9rdRql1KGB44UvG2IynA,YELLOW 만들기,305796,1520,212
UC3Hx4YCbeawwALYOOQckQCw,라이프체인지,5971728,22400,381
UC3nbcoOZdJi_i0thm5_RIqg,뭉경moong,67147,285,69
UCcLQBBIePubK2oN-Xq-QIDw,양양갱,6301,95,51
UCCdFsUX65rvbzQSVEAgTj0Q,리쿼라이프,703268,607,260
UCcawZRrUC4UkM1KI9VZmndQ,PURUM PC 라면천국,1678938,1650,1997
UCdm2wzw0yIt1ailGhf1-JJQ,먹어두댕?,368715,195,112
UCnOYjDdxGy1NPUbFmvfo6Bw,휴식중,165978,146,914
UCjq9TeyR_0jbDmVvqUXS-_g,우형옹-먹방ASMR,98910,1330,77
UCjhZ9NOouJarIEieul8uCUQ,fromB,1210964,1390,176
UCzcz200s8EE8PscUTpwuE0Q,POAT,26568,57,97
UCR8RejPBRLX42PUCy76PMAQ,유독 YUDOK,644524,3140,120
UC-WEM57lYLo0xvGiqBKGX5Q,로빈후드티V,158671,196,94
UCuUHUEeIXOJTOkCACO6wh-Q,영앤시리어스 | Young and Serious,12698,18,33
UC5EqGDO-nlfwnoQdZwb3Qdw,흐에에취,60940,45,61
UCnIz6HiDjxpCIVU6ggVAYYQ,"싱어송라이터,작가 안효근 ",672554,3250,986
UCraS-bUEFEm8Y_cFJDYijoQ,쓸용킴 Sseulyong Kim,298674,1610,225
UC9_eCpay9V-j86VU1BnUCCA,기앤사,1450870,1700,6754
UCtVimgeyWe7lPo7oSN4UgNA,앨리스 is,211064,389,128
UC3h9kjbOL8dvjqxkGQsY-5g,당도의 잡덕일기,14218111,7900,468
UC5cpBGVx-sZ-ffWpG4uqNfA,먹일기,64869,57,92
UCsamCe8B3kvVRqwMRWWz9xA,윤메이MAY,11097117,61700,217
UCwrsvmIjdJByLBsPTQHRWjA,한스 Hans,308126,170,86
UCdshfaJTETJ1y4BxfBmIjsQ,리뷰하는토끼,13370005,24100,262
UClii4BPfH4koAyP26Qg8tJw,마시케냠냠,628790,552,203
UCcfKn5ex1g8zgK4eYtbReoA,코지 COSY,182643401,606000,426
UC3vseDaI-Y5Rs778R_VBlFQ,모든것에서 자유롭다,64425,173,121
UC7ZG0u6qlcumsAoIqDd8MMA,먹둥히니 Mukdoong,1122133,6010,28
UCDc68fYjLn9n5B834viBEUg,지미가기미,214602,228,40
UCkXZPV4_tqF3MZEjtvwKBJQ,빵줍빵줍,3686309,2790,274
UCsCAw_YxbOktrVSj93r1L3g,앵뿌삐 ENFP ,860562,675,325
UC-7sC_5YMUAFg2IsGi6IYfA,인생뭐있옌,708400,1260,225
UCbMjg2EvXs_RUGW-KrdM3pw,SBS Biz 뉴스,143330014,299000,76260
UCLKuglhGlMmDteQKoniENIQ,14F 일사에프,1054218503,2180000,4980
UCi20uRbJ9ZKhznXyfVCv-Tg,여행해쏭[전국맛집여행],13294,7,52
UCBLHk0GvQa5_T91CFo9ZUiQ,니니nini,675994,2230,171
UCAVng3MDYgkJQep-1roHZcQ,엉뚱혀니,15560,1030,18
UCkIpYQg4CpWWvKCOGh8cLCg,봄주르,7644,83,31
UCOXAX-gxgScFm8stnUPdJJA,조이썬,1218373,1210,217
UCCEY0R7CgtF5Uc7fLgqekVw,연유,2172,4,5
UCMFmXCZtzYN83ydmA4vnY-Q,월하,3177,3,12
UCMcGTP1uPnVX89XOtHKIExg,남다르고나,2767767,3710,191
UC-yEG9op3aTmBjlLwj16i8g,슬앤술 seul and sul,4504002,5410,264
UCUAfqgDhb0q2f1fiR17tOBw,리요 riyo,20501,74,3
UCnpI2bMUxxdqa3tvsBuXtZg,소서방,1297173,622,671
UCzsUxZYUy5FBuI0L7lkV-SA,민케로,199272,810,48
UChle8hNmaLYKgEG6aQAdlEw,거제짱TV,344280,653,606
UCBYXAi0y8m-2VJGcCLqnLyQ,몽실언니선불폰,251785,310,678
UCkp97GgO7CTnW2FsPHJRuNQ,아닝 ,372860,427,35
UCqgGHQfhtDDm4ZiYYe03ZoQ,토리미TV,54200,70,54
UCAiHbbSaKoR539LzvpR3ypQ,림's 리뷰,2205827,1410,465
UCip7tR0D_33uoQTh0tVxeEQ,얀콘 Yancon,20021202,128000,264
UCvgVYPJw972DADIyaSMOH6Q,리얼 Living Alone,147381,1200,41
UCfPMD3-8h895uQFLSaFy2qQ,배불러 라빈스,1537970,1810,317
UC0G48byunCrSEJNgH7mAeXQ,생활만물상,844623,2220,1364
UCBDHSP5TVWjBBUvXjDp0qYg,고선몬,3887887,7570,601
UCednoKZofS3NTXCVzqPMAgA,김리안월드,1998828,13100,172
UC5T4b53jVkm07JbYoyYiu7A,흑백리뷰,683090221,676000,1814
UC0pQ_qAyumYrSPal3z73KEw,민호냥tv,207592,1020,73
UC9FNiG45LYQPBKn3cukVGvA,굥아님의 리뷰세상,536274049,283000,1362
UCa56qkMvVvq1IMn4xbXaKEA,삼대장 Samdaejang,770626549,1020000,1811
UClF_kt49EBVwm7yB3d71wAw,동글이의 Food Story,217674,101,209
UCoZfw5lL14LyeaxC2dyfQjg,소중한일상,1320947,8150,326
UChGruQ4RwdYNbonnu8A2mmg,존맛맨,7807222,7930,1826
UCfJ_aEN-_Q1x5DuRMmTcm9w,찡어,3046254,4170,210
UCEClaxDhD_K8psDqcYOJhpA,스낵바리,125197,1060,125
UCPVENfTGbgD-CUuvrN7rRGQ,상해기SangHyuk,537885578,1540000,1018
UCTXlPPgkj1kI10vi9G5YW_Q,겸상도,25143749,22600,151
UC-cx04kVLRcX0gfz0QR7mqA,냠냠리포트,1935109,1620,141
UCYkaRz0te9HjGJg6aNQILwA,Dopamine_Hunter,12893,21,18
UCRdvKYDblRS-4R5EBVqTDKw,이나 (E. Na),64207,337,73
UC0nhISOsMvrkDpOuGbFORuA,임삐니LIMBBINI,1227871,9540,149
UCazbf30X_SIDoHNfg3SRKCw,먹미,214268,160,90
UCVILvX9vIp-vMFGmCYJtG3A,잡식맨 JOBXICMAN,9738656,101000,94
UCc3AijDgUx6emSG_YewBdPw,냠영 nyam young,414359,2010,259
UCLaAZCyV__7LRzfiKMS9IxA,채채 다이어리,36352,71,137
UCA-SfyrUqGbgeqsS4_bAxXw,퍼플이의 쉬운요리,173442,370,263
UC7j-jhDWVye80S870K7eHAw,池っちチャンネル,3976237,9130,412
UClsAo9rq-x9MTDzRQy20cFg,세크로이츠(セクロイツ),373002,457,303
UC1MRjAGDw2d50GBLpwHukUA,신선한쇼핑,113134,298,49
UCkU8PYCXmQO4JHVYK_DeN6w,일분냠냠_food review,65621204,45800,538
UCU3xcXZ0tgmCuGIEy6l5gnw,추억찾는여행가,10415,14,22
UCUbOogiD-4PKDqaJfSOTC0g,테스터훈 TesterHoon,1706005300,1400000,4449
UC1QDmViyKjcDh09IiXHiatA,와니스토리 wani_story,3478006,2540,533
UCglhKfk9TmXBGVU5N0ryOQQ,이남순,4958882,9750,2349
UCmo1GNN3ZJMkrP1wiSof_8g,달달팽이브브,59943,55,66
UCUGM_WGBxh_TZ9cXoY8FZxQ,도다맨 Dodaman,5823271,35700,189
UC-mMj0NMjACY502oAP3aNRA,먹고가영,193322,167,81
UCuLHDMXUqV5JR8Qv-FpwF8g,민경장군,72950480,321000,621
UCmGZoujN7WXFPqk78Gy9GWQ,목포맛도리,81273,44,74
UC99XVeo7YY8ImdDo6iZ7K7w,편의점고양이코코(코코패밀리),39405376,54200,972
UCL7zKPj7VnxWULXziHKHHUQ,효동그라미,200852,192,21
UC2DLvFWz0mZmKkHOKw08dYQ,김대감,4801,7,18
UCuJQz9qQyiey6VEcbDpmLdw,식후 40분 뒤 혈당,141983,275,230
UCWh90Gs5L4OvKGYo7gYnLXw,함부구,451007,495,71
UC53oXq2um4kHjIWPjTSQA_g,맛장소,590774,443,189
UCXFIMbHQhz02qjXiLmhyEhg,윤서서현TV YOONSEO SEOHYUN,128290626,75100,1520
UCxnfGOmWGk50GXP-2F5EWsA,육아기계,122121,173,105
UCwSjXxgUQ55IqtK550CBn1A,루나,5142,28,51
UCulzAF-rbCT03gs38K6XOFw,라니의 파이프라인,81670,388,857
UCBbq_agKuRgFvF76v-jB4ow,수묭,4611296,4570,88
UCWQf4EtNPWJSEiXEGv9y7nw,대신TV,46255530,170000,1093
UCzGvuhjA9zNplyH-yBBmB2A,돼지모찌,316398,1480,85
UC4Vmplh9IfyRjn2RDh-4STQ,스므흐의 과자공장,18551,35,50
UCYx9lhCw0u2-OoqVtEU0IMg,밴쯔,1270968534,2040000,3197
UCP9f6T6153qi9PwSnvg412Q,우당탕탕 김알맹,19407,17,69
UC8Cs2Qjm7lufJdVZZ3j9W8w,안주킬러맨,9889,13,2
UC-V9aCvtoXC1YE2UE8D88_A,먹뿌림,512542,297,62
UCZaKV2EArt3ULAUOIxt82iQ,썬댕캠퍼 테크LAB,3148277,2760,496
UCoiydSu2BG9axZmoY8zpQrg,채널M,86608890,41800,1616
UCPh6nykiPZN1qziQbgaxjUg,냠냠까까,4636311,4380,241
UCgdwzz9CKDKGMXsgXM-XioA,술진남 (술에 진심인 남자),4340978,4930,222
UCRh5jRONhWfbhWl-Dhb8Fjg,SYEDOT ASMR,318355975,1160000,1594
UCKPe8YXGWALo8qzGL7pAPVA,윤블리♡ yoonvely,96460,110,417
UCnL7OPuLED6T8R-whK93F2w,현태엔터,4288371,4470,807
UC158PZQEpIXP9CJTB6u9wwQ,일일식당,1967303,1800,41
UCDU8GETBqt7ikl4O2-iVRZQ,제이꿀,13048756,10800,353
UCeJsKS75Wx7HcYVMuIVMhvg,점,101664,54,232
UCzFLDzS-auqZZo5dQ47IEMQ,채널WHO,5890442,41200,1649
UCApnwapdkGu_s9Iq9WZ2r3Q,오밥J,82012,175,190
UCN_wjKO1N8rrSmbidFZ9FdQ,토끼우산,269476,639,141
UC4gFSGuYQ3og6ypHpDBQNSw,아웃슈가_OutSugar,4819039,15600,152
UCkvh3vrWsoi_cd7HyiikzIQ,한혜진 Han Hye Jin,355362676,817000,511
UCiPzJxsuSAR8ZigTap8k-xQ,인천맛집.여행맛집.일상맛집,98553,85,102
UCs3fUoHUpMOvSxhev6bzL-A,C.U. Ratchaya,854,9,20
UCBdW0430brX-X33duTOJigQ,사당동언니,11758,20,42
UCFXeKZPEsPL1kFqa0uKD0vw,술 마시는 아네고 アネゴは飲み助,133645,118,117
UCi_Zqq2zOwXLBVWi6VlMPdA,찌콩먹콩 zzicong,11778529,40900,333
UCLQnbPeniHP0_YLyIVnyV9Q,먹고용,141465,98,28
UCXm3mK5vp_z43TXDFJQo2FQ,방구석 여포의 일상,172476,313,220
UCBjGgviRztHC2_H6u84zaIA,혜니니,350443,201,216
UCIAtwP6QZEVAZsUG1Pdtv6g,윰윰 ,254978,1040,268
UCcAmGhUxQCHsmQE9Q3HGACg,윤듀듀 dewdew,87792,63,31
UCdmh_qsXLzQy9ntGqmOQHYg,염소똥그림,12758,23,301
UCoJ8Q5rBMnJSx7AsGwk4DGQ,푸딤,260338,148,67
UCYwImVldpnxYxyNcmk4hpuA,후Hoo,263377,46500,44
UCznuJ1yhbzqTYJ6GjgzWYEA,안영자기,10920,104,1
UCK62wZR9TIBhemhXtoQzP3g,파바박,205007,92,35
UCk3eHEhLTcmYiHXiIbGKCUA,이효선요정,85100,180,640
UCk9zZ2lTYM0hTaftb5-cjJg,연피디,77608193,62400,527
UCw--g5dEQxx1UAEgumKUEHg,케이푸딩,1289070,1060,269
UCEm7ShKDa6LsqJGkhr4Kqaw,김빡스씨,106469,590,132
UCu3oYpmMMMryWVH05o7YRcw,온리혜진,116988,1060,86
UCsw6i9J9hkj9cvraweNZi2A,뉴이츠,623029,525,236
UCdM8ehhJe9B8h8rVEmS9lnw,JustANormalEditor,15798,42,64
UCXROWb8-4bfuyiZsU38Ol-Q,휴식을 부탁해 : 삶의 가치를 높이는 채널,1243071,1600,832
UCfzVUff49Wlx1fMlUN29kpQ,Ammber波波,88749,123,96
UCpTBt7aVX4WKqOFs7pqIAaQ,정푸린ジニ,2753154,14600,380
UCq66YQyJd9bzBwr6r7hc3Bw,댕지우달,2093,41,22
UCsX4Tk2ssZwJ3YsotrDtMEg,스느즈,14971,88,18
UC8SCPyct7TvcmDkl-yHLHCA,흰젭,47210,78,232
UCbetpkY-pbesGQSkoDk7BTA,달달덕 daldalduck Korea,10174,33,16
UCoj_jvzaKFRqxQB8QdzBREA,오름엄마의 제주살이,192201,358,302
UCdhPMyKcc39qRvf6cZJmDzQ,와드리 wadri,206913,137,190
UCyvQ3QiIHyLYcZ-BpnFv26w,빅쌤,597627,1400,232
UCH1XLhQUkcvRDn9XEjxBetA,Do-It-Like-Korean,4241,14,19
UC_mq7mNOcxafCCbOG09D8Zw,모찌맛배달부,11126426,16200,146
UCxp9XKFw-lMTlIa_2yrfdqQ,제이제이,315495696,835000,878
UCjR1qlRa-7fQ_yUuRHoVZRw,하루토닥 Harutodak,107980,147,28
UCqip8_T3cueGNOmHcmr1qig,지렁휘,44857,31,43
UCGSRTJRSnOANE1ySVmXd1TA,용호쌍박,820469,1360,69
UCkyttAlEnbYC14XN3S2Qtvw,먹태원 muktaewon,3228923,2870,133
UCXealIDwlGey002JgVml4Tw,알콜인생 시비삼촌,6042084,9120,1640
UCPziBsmlVO_WneULi4VbDmw,liv_view,45449,1200,68
UC2BeoN5sjysko485knWYyGA,신애리,248269,135,68
UC3p-0EWA8OXko2EUDUXAy5w,서울경제TV,51941004,171000,28880
UChoME_gqmwQTUg5hZgcQJQg,대겸TV,132645,155,184
UCfdSBhj4NDQjnLv-F9L5CWw,변우석뿐이야,1718542,2190,149
UC-124TcbiMhIhNBHbIg1fgQ,이영진유튜브,21136886,73100,988
UCmN6eayS_tqiWnrvxiEboMQ,씨유어게인,75758,343,26
UCoMxXEGShmKSocc_Dl6u5IA,욜졸,13126,29,29
UC0JAQcnwkrUTvT46wnAWnPw,대대장,87809,80,293
UC33Bj6VRtBJmrw4cp0zOuhQ,이슬우주YiSeulWooJu,386879,4100,168
UCaE-szVrlzNY138r-zawNPA,삐삐뽀,55246,86,33
UCxYL071fnvO7Q722QQkS_uw,Jenu tv,21488,16,21
UChTSxrQOi-k8pYP9xZUc0XQ,오늘머해?,74193,97,64
UCPS0tO7oiDfc_zJsfb0yQVA,빛날굥😊,69512,125,52
UCxq7aemkEJT-woJSvAF-eTw,하또💗,451,2,11
UCwXOKS-z1t9u6Axmm3blXug,머니그라피 Moneygraphy,57690407,390000,486
UCZSsQBSNO8d4X2ZAdBvfWlA,비츠N워킹ing,183011,167,270
UC12mdm1je90zhE3HuJVpD-Q,디자이너 키,309061,2680,104
UCLzdSJwHuDrHcke4laSw9uw,GOreview,506202,1390,356
UCwwZbti_C9wYdLSHv_ZAlnQ,표이리와 고부기 생활,135236,97,161
UC80XefzPxBAXebrK5fdLomw,슈니,79381,114,63
UCoLpFOX3apt6dwMEfHIciyg,먹쌤,1194101,1090,55
UCa9plKOuLeOUXztNT8l89Tw,now,44617,76,139
UCgjsiInAgdceEq2lpRNNYvw,경제야놀자,44020436,267000,2996
UCo3_ek9McJwD60y76q__0yg,잼쪽쀼이로그,25721,46,13
UCybfE_Yrbeif-fWU80guLoQ,마리타,47351,32,14
UCeGFSXQoOhEundxCwgaN5Mg,토마토 가족  Tomato family,1315911,1600,1546
UClhRyWfax9_XFGUZBpgXphA,야코 yako,10293021,56100,433
UC7KJE9zAp9KYm1YuwRyY7xA,봄이의맛,1816399,4310,400
UCVd-3pho9juCuYL7oeHQNRA,Nataliya korea,680759,2730,328
UCENqtr_pLp8EB63RmYlcbHw,푸디클래스,2074213,1550,117
UCJY_2BnOnAxdWnYs-C0Ey0Q,포커스미디어,1149802,2820,2287
UCxV7G-PIHTxB867PbI_Q_sQ,아이보리만두콩,16671,19,37
UCdjQ4pjvtW5sLeWROKXgMUg,CU설악신천점,47959,42,198
UCJuLXjESE_WVz2D0_8Vk36Q,김태관,15290,18,74
UCi2PvHi4d5nEdQc2s80-_GQ,달려라홍,125285,391,58
UCQ208ny4iVFEoHOTvNKnx3g,프롬서희,315265038,197000,856
UCjcFK5yrGWvWdylx2YWEhwg,캠퍼박,33530,65,43
UCaWLMXJlZULEfbi7BRFDcjg,먹지도,16356210,11300,714
UCVN8tRuQ4WPQHb_yYQiMTyQ,jiny jiny,38141,33,33
UCF7PLZUg7VoPblrHorUO8YA,두맨,299477931,211000,385
UCxirYrxVctQVcT4HrwE6A4A,세상에 이런 스낵,13577,54,40
UCbE19D0hZlsgttNBfaZ6C4Q,데이영 Day0,28434483,34500,517
UCoeB5G8C13IwdPZJCl2wNIg,최후추네,16491,94,88
UCJm96Xh0hZFibu7zgKncnRw,찐따의정석,135490,166,111
UCtUnC4wI6-MifPxPhFObDMQ,겜핫Youtube,6767793,42700,445
UCPPPpYbwqDAS6RnvZ39AAlQ,고르다일상,4213770,13200,565
UC6JOB9PnBlBUavma8LcC6WQ,한입좌 Youtube,152343065,154000,597
UCMT2tDPLhLU6dckkg9_gwYQ,갱어지,5622,17,3
UCVSQUd412ySvw3tzy5i9Z-Q,한푸름 Hanblue,13514,52,11
UCXABZ2vMm7z_4qtnWhzPaIg,Obrado 오브라도 オブラドール,49908,301,72
UCyar0OYt0LoPzkkWcQAo6OA,젼언니 jeon_unni,761946324,482000,1334
UCVF84yoNmJTU-g30EEvUPmw,100K Studio Seoul,55550,150,52
UCk3g-siwg-KqVuqwvJVvQig,수회 soohoe,288290,800,86
UCsI8CusCkLxIurssk7uigRg,복자와준보,8848255,9150,411
UC_mkEPnHVnE6jP8icUrfTOQ,달먕🌙,2773,298,7
UC-S3QrIxQNHkTPT738IoBoQ,20대 뭐 하지?,39006173,38000,346
UCyxvzXm509AWgKlsHNBcOxQ,서링♡,57348,242,129
UCLqL_rpuTp1bIe5YuHjbufA,KBS NEWS 광주전남,73688921,76500,16476
UCzqbGALXchBoCag0k4zMeBg,양지완의 별의별 인생,6940,63,36
UC2myqj4lT5YvVpDvYJY6F4w,송주르Songjour,45705,64,79
UC6KvWBL1AGCKE2cvicUNuPQ,87홍삼,41693,52,50
UCmhq1CIQdaGCRLgh7VGiKIg,제로천클럽,405348,8590,39
UCSQPjdpKtG7egh3qmOcUn1w,아롱다롱TV,107714015,124000,1191
UCsviv3Uy83786e0q685eZWw,소맹구,8684,48,15
UCoM62V5kKXTK6aQy7n9wsag,베이비포퐁,698971,2170,200
UCkH5AfQ-iD-5DRMAaRuq93A,살림친구 깐초,1923516,1590,52
UCg4MxXxewOV_dzKXklWFKGw,PROJECT LOVE ME러브미,14389916,131000,282
UCf9sl-IcwNXDqWwWwp4vEwg,나도Nado,996457325,2840000,1296
UCMJZL2efy0ra0TNp_H_hP1A,소원의 나무늘보,7280,2,14
UCja47cbBlilCWNPMSyozbxg,아뜨 artASMR,634820,1930,556
UC5Ppul8pPfaAy1mHwTIbshQ,콩떡,1095,14,3
UC-4HFreFba154zSNr6wEZVg,GENERATION,89565,82,17
UCMIHur7hUdZL8AAmNg0P9yw,팥빈수,39646,37,64
UCZHZA-DFw7YfVtKhte-ifvg,예로나,29590285,15700,262
UCW3pkebwo6rO9B0zUpzvzUg,탁성,50454,133,542
UCzvdyDJmHWBo2ypX7sywx_g,빽냥이,460728,4210,137
UCYgyAB7nBOihow_ODDxQA-A,버디월드,2276592,2300,321
UC3W0THzcIhTgrBKISTzAvhA,라희TV,2386728,1540,2092
UCucybMZtilvYSg2_f3eAIHg,간니닌니 패밀리,880898102,778000,3054
UCwX4ljNa8NWObWpK-RUA4HA,밥슨[Spicyking],184596733,203000,1046
UCX2kGk7-J9PZUOixPVyYlLA,삼십센치 30cm ,9845238,16100,121
UClPfJjQ-Ywc7jaWkjJ86lAQ,Jings ASMR 징스,207845878,82100,1304
UC-rol5t5JdhXVhHsYHRUXyw,키윷,40928,89,140
UCPHX0mnOf_4QdP2e20OnzsQ,최도전,725827857,481000,566
UCLQRs2S0kGa0ksL1j2818Xg,둥이키친 DUNGYIKITCHEN,409682537,414000,687
UCnLeqvS4Rdbl8Mv-AjEWH_w,아누누,1195073143,506000,1526
UCcIY9sfXzYJV3_baIr9IBlA,다ᩚ링ᩚ,350405,1320,431
UCt5iFw6g4-UNR2ydEXP9gHA,영이빛나,113573,90,48
UCjIfHKT8yVOxC9Vpz9Sf8bQ,조브니 부산,11296955,7830,350
UCXj0sJv5Tvy17BMJfuV_w3w,졍이야,5432,24,22
UCrZ6XQmg2JQq-ns7Lh1TG6Q,나먹순,312967,1000,216
UCnyx5ikVVpZh5cFCc58QrKw,맹맹채,6793,3,4
UC1aUyn5zotUnlFjfYmXmKkA,SimplyViewer,9168,8,16
UCNs72W42NHI2NDYkZpgWH9A,신나는호앵,18736,16,41
UC1gsLweo42KxNbBRsos93QQ,힙한 언니,132593,1430,91
UCVtVanMPFlVWPWRvJaZgZYA,꾸스타,487083,937,347
UCFWlJvZyXFa0MU3C7oQo89g,얌묵,2990164,3370,133
UCs2AnxNxPfb7PhhoksqRlqg,하느리,1076918,1990,412
UCKi5CJpQgE-SMz9iH3qcUkg,향구푸디 ,794251,609,133
UCQYET6Js1_pSjUEmFjCcNPQ,먼작귀엽긔,145650,309,50
UCjyL6i8nunD_cR-Js0_b9Bw,릴리Lilly,58547,54,35
UCNjofjYxRf1KrM_jgypIdMA,얼렁뚱땡,70618,36,28
UC-8R9O6w5otKbf1ZrDCovwg,깡쥬,427410,372,153
UCbTF56FXSZuKp0aZVD6mSoQ,하이수비,481038,649,128
UCJZAc1UHfuACbToAKnCgHIg,둡다dupda,6570461,3560,73
UCq5iA8twW55S0EHxJgTGGtQ,츄베릅JMT,3415519,3900,234
UCMs5rGhoHHl7LpflqPs6zrw,졍쓰바리,194881,335,150
UClkItailtwdkb_hOz0jScNg,먹또먹,538896,296,110
UCeLH5El8XH_RemVvh6xa5zw,그럴수이씨,55433,57,48
UCQ9zZgf2Mspx43Qd5Mducbw,브이렝,5382,18,49
UCQl28NZsvDSM-wsYCryVVuQ,shuny,32061,20,30
UCWACut4Ktrqr7pnCezLk3DQ,리뷰니뷰,9776,7,14
UCQRMVEm_DxPsT-y8trmlgRQ,피그그릴스,294568642,346000,555
UCV2nwqipJgl1DyZCdjxy3nw,나리니아빠,657,6,8
UCv13gWfNIbqDnPisaevZ-5A,먹연,1106672,587,82
UCb8tnxcLEv7JluWvgXGuOZQ,광안역TV,140417,171,396
UCFxjVnOR4w-ziPMyjI3_DoQ,준호은호,15232,63,92
UCo5II03f4EGZ0FQ5-Z7ibZA,짱구미엄마,421327,354,152
UCAoiN-n7CliFtDoI0hQ3T5A,슬밍햄밍,27397,104,105
UCVQOWVKxpGO6AdIcF9Tm2Jg,Dust House,990624136,1840000,547
UCKf7joFxOzd383AsiGrzzGQ,순도리tv,10907,46,54
UCdr0bqTVpQBx1Evb2CuHk1w,형균TV,9282,34,57
UCdvugrm0RFTs8FsSqj1ARUw,VICIOUS,694179,368,58
UCXzh4wuLtqw9lZ6YvWeUF7w,꼬마요정,70337,75,131
UCrmm34M7Stfav4kX4a9ZmnA,규리티비,127422,228,172
UCvQrTg4FlRNUbO-6icHO1Ig,"솔아, 니가 먹고싶은거 다 먹어",286337,193,141
UCwyzLcutXoacG6K4rWqdbMQ,그릴레튜브,4029716,4020,652
UCF_Cy0h7AZM1iJZesKdaF4A,어제오지그랬슈,23681619,45000,142
UCPvcRkwx_IDYag3MO_n1nHg,KOTRA TV,9905046,38000,726
UCUWaM7PA9IMbATqcaHklBfQ,석원 TV,167246,220,733
UC9ta639M37zzWKwo7kKc80A,주둥이방송,1084841800,1380000,2310
UCcQTRi69dsVYHN3exePtZ1A,KBS News,8509419813,3180000,356651
UCO78BQwAIG-pEfhgJEt-VRQ,뽀구미,541072513,641000,1168
UCW-QBEmxsme2FAONSnTjp-g,돼끼 baby_pig_rabbit,1508789113,825000,1325
UCNdROwn4fJzh-xMPs7H0JMg,윤짱♡,5648,19,16
UChgLDE279CMfZboN3v69Bwg,여보이것좀봐,34600,37,6
UCbl8f2jLSqNzWv3y0FPs_3g,맛지피티 / daegu_matgpt,11237,14,15
UCvCwaxHmJ4LVgLtm8XwC7Zg,이호,57038,49,41
UC8giazXnsutTVCR_ZQkiDWA,냥냥,2068713,5150,133
UCJ5vFBwuGYV6WGnQmcjN4eQ,페이퍼컬러랑,7049056,14900,200
UCqcIAhh3It20yFZMOtUqOcg,버니녕 보리,10625407,38300,126
UCuU6dB5zGu_RN7bSNDwA5LQ,하리언니,184603,112,148
UCjkEoO32JSAL1LZVC3vkhwg,짱짱수,68650,223,65
UCMhTU-GrFcnquDN48DnZzhw,🍑초딩 채아🌸,714541,3350,146
UCL2Kc3DM8PO6OdnfqRQtvFQ,최히로 hero,34454,576,14
UCTwSN4GP4O1OUn4kaPEIBwA,별햄,3330,11,9
UCDj9l9Iu0eCW-qcjSmYpFfQ,눈누트립,19316,11,15
UC06mk-hobZX3eQkxPZ63slw,최스채,55885,103,21
UCNn7VXgMf3bqpetzPrInhTg,에챔로그,1787638,1580,44
UCZaarGiwxVusY_jQlnftbIA,지뻔뻔,1052507790,1430000,124
UCKnjEtErJ2nL--Z5hSvxNQw,집순이,167821,97,59
UC2bZ82WfYqrBf1YrcQL5LIw,리뷰햄,429778,1010,52
UCTEG5ELhJG-9ojD_G_Am3Jg,그냥김태훈,209420,362,78
UC9fL1PrvQUyxzZWAnvgWEWA,빈수,22932,60,11
UCfuCvlPX41mcqe_PdSTaVpQ,요리하는 박정우  JWP's cook,428357,18300,72
UCLSu6eYyDIP8cqpvo7gpUNg,조이커플,44006,45,11
UCXKEhG9Mcp7VnbhSgzb5sGg,리틀식탁 Little Table,47580431,65100,373
UCEN7NewVRvrPgOrxvdSUIqg,얌고미,594856,532,102
UCE8eVAcMbCFF5cG8P6ckePg,최연두,1445153,2700,78
UCgs-W8R7hSmWCIkZDk2urig,오윙(o_wing),130380,4500,150
UC3wA0h62pmP7wxSGRNMQTvQ,삐야기,842058672,658000,4883
UCXnv4nN5sz1CLAZeteyH90g,자곰 JAGOM ASMR,346277145,384000,1292
UC_-Z5Bv3GvEvSvHj1ff1Zcw,편의점 일상 스토리[편스토리],51494,42,17
UCNYE6N9YZmsUyReBLzE9x9Q,이상한 과자가게  weird sweets shop,2920571985,1320000,1034
UC6k0UPTz98hCSN-TMYrSR0w,한국인 J (J in Korea),47777752,47400,962
UCrI2RYBoPoar4wY3WsuX-oQ,잡식공룡,261641523,174000,556
UCkAcN5o2-DuTp11bcODQGWQ,먹어영,27643488,13800,430
UCpiMZX8-Qw7JDysP2vzoNgg,미식가지만소식좌,224260,161,36
UCoYqPPZsEwaye9MANDVuFtg,리라리,3163466,2470,301
UC67UoU8tSLyVrHDaa8chIMw,독감쟈,97536023,116000,351
UC0UrB52arOf7ELdcELmvLbQ,먹부림_0817,403195,287,66
UCk309HYvlXCS7_WS81MYJdQ,뭐하려나,25030,83,25
UCmVjuvHLGcqjWwNiqNIMw8Q,델리만줍,415285,379,24
UCVerw-vLtkwyebrQTpZECQg,먹어보자냠냠,2353,7,1
UCXJI_T6MY7Yn3zmoBoR35Aw,꺄르르 행복하다 _ happy trip,32538,36,67
UCgLeNzGuQQhbiQJnACRTlTA,탁다예,589136,513,1188
UCRXVgMnGUlbkHXl9MOlJC_Q,밥풀떼기TV,488835,722,448
UC9ee9YBIeX7cOmAkbA7rOiA,아초초 A.chocho,589350,2270,25
UCEV19DraktObzKj5gx26EQA,채리어 Chaerrier,1032672,44300,145
UC-EX9Pe66YP_d7sD7PuvZ4g,우모조모,150241,518,88
UCJLv4YT2JDfvkaDV_Z8ZJ8w,먹쪼이,21749220,40300,422
UCEUxKKyhHV1ouz2X4uKozAQ,별슐랭Byulchelin,6759338,12500,87
UCc8zfvXQrsRePQ6z_tUKUNw,달달한맛,19629,15,40
UCByq-1ptu3MhFzdENEHTf4A,신짱 godjjang,152509010,386000,790
UCKd9yzraF1tR3XXm4oGkP5A,먹걸스 Muk Girls,898985,847,73
UC1CxP2HNBxgL-fJYasKj-Hg,쯔닝,527009,95,47
UCOVicByjvZkT7rjpXByC-LQ,다들 난리라구,43403,19,26
UCV9wB_sZGfpGb-rI9dojbAg,잉항랑,3935542,9160,486
UCjUOZjF1Tx8Hjv0Ig0pLg5w,만스테이블,235262,313,272
UCcSoxlNpPZRKLmYJDaaQAjg,suhee moon,1379,6,7
UCAH2TQ-KVBPaB1Nqb4BwMwA,티켓서퍼,230179,152,102
UCalmlsFe8ifQbDiVKs1oKOQ,혼술안주 도다이,9154485,22300,109
UCTHCOPwqNfZ0uiKOvFyhGwg,연합뉴스TV,2808861519,1810000,580429
UCS-_951q7VSz_HZbLpm7X-g,Goose 구스,12221,68,10
UCtoZ_VF-XZzkljl02hIvx2g,럭키스마트 LuckySmart,391705,1040,306
UC1KHW0JH7zToxC2H69axgzw,정가거부,44189560,251000,2033
UCkSS2niYTjAiwDUgdFFJDFg,유슛이,6811,93,20
UCcN0xUr08Lxn1_bIamhTGLA,유이💎,14118,121,56
UC19c2yTQ8jY0FEjRMHkMSPg,훈이답다,116914,578,67
UC5QyklxoJ7IGGOuakzJfiPw,황희진,5213587,8100,3159
UC6EG-yTf9MaaHgeEg6x8fXA,정아하다,147208,376,31
UCfpC_InsXzhRuIn30AG3mFQ,씨유골프 / 남궁상호 프로,789867,2920,212
UCNVRFDn392_EaWp3hsyGxng,상아,19232,68,8
UCgp4MAU_gyy8wGkM4yRefHg,연두문방구,406651,1100,469
UCjU8YCdFzZETQiGt6LZnkUA,오점골 오늘의 점심메뉴 골라줌,812311,456,1105
UCP3dZ_poX_vUDDYJrMRBoxQ,유니 yuyuni,160875,158,55
UCoTDr2A1LZ4T220bdS0kd5w,밀가네,37032,37,16
UCLQUX-N_zrFXkX4bQW1fMHA,@ 네쯔 짱🐿,38743,883,34
UCpQwIixlEIeEa83icwB_-SA,더블유,28049,86,108
UC5n4RKBAzx2o5uYOtH6MZUA,미니몽키 Mini Monkey,100980,332,170
UCvfhgTwKU9RSo4aJXW0Xy6A,버거코치,25650655,66500,293
UCqtq1Jeto1irQPThIGdszAg,화극,6518445,3960,3214
UC-jEIaCzfdA1usDJUX5lVzw,고춘배,8243,6,8
UC3-B8nEzZbNiS_l5wzQG0qw,🍀스메🌿,70120,228,559
UCNMjWoVT2G5cYQn30qt7Akg,잇햅,4577993,3020,370
UCMViB9BxwB6G5W3xZsk6d-w,무말렝프,174897,495,58
UCTQU4TqqmYdBmYWk53mpQAw,오동튜브,12131,41,15
UCyoCcR43NXalixuGc5pc4Uw,임미르의 평화로운 세상,359481,824,138
UCjI8Uf026I7Y1mAof4CGlqA,도토리 유튜브,149574,697,311
UCrAN8f_NmGM4y_8I5L7_xiw,편의점 천재,21505,160,11
UCH48VUXhYjOun6HXzxzbFdA,준여준,145182,368,95
UCp9KIMRUQHliNbPF4_tIDFA,다애,180283,852,168
UCs5qnx9Z3LTx5uhioH2hnsw,끌팁!!,21189,32,24
UCSvOg4rSu395lPz6uMqBekw,kt M모바일,49517989,13000,288
UCrI0scarn_xX5qQjQU1oouQ,쪼코우ㅠ,3524,23,20
UCsGFUWNhQaFg2czb_BEWCLQ,루크맘tv,35770,43,62
UCXrBUn6eK2cIRQmcq08-_yw,대꾸,4297358,1940,227
UCoA0A5ng_YyKizkEKYJN86g,호기심러너,568,0,3
UCnu1xNd0XNkY2NPmLIpKpGA,이응쨩,2572,39,47
UC9ulgpouXUrDxdhxEF5ylnA,로또생활과 영상tv,98058,250,232
UCsAV9DNwO0AuhQI8HHk-uZw,럭키베리🍓,110791,792,88
UC3IvY9FPPpmy8dqVjWuUPeQ,혯프피 HYESFP,115859,122,47
UCBcYsz9RTgLq3VbRuV_SF6w,설링.•°☆,26486,119,72
UCIKlXABrJi6h6rRYu8t31wA,찢뷰,70767,119,22
UCBIoXzDldCnpbM_7uyG0_Tg,HONG SOUND,782887231,1820000,1601
UCrzbmDM_lvnw-dIk1LJBgdA,어쩔티비 ㅋㅋ ,276075,676,242
UClc_SPsiXDiuIRmKOqPgeAg,아요거트,109,9,1
UCCHznDfT4mjHiXLVz5W0Esw,Vm~*,5769,5,57
UCbewXcfEq5qmHCZNxppzCwg,청둥맘TV,1871,11,8
UChiJGxOeyal8SKBgdm-Ew6A,ꖮ미,1169151,921,137
UCSiPwOJYmc-6fM50JF9SJXw,토이루이,2913781,15500,90
UCNSPq5yso680z1co84f1hLg,백설이의하루,11248,46,10
UCx3zRVXue_gnwoDhE6rj8VQ,고숭패밀리,14234,38,134
UCSMSyTNNNY6N-YN9cmEK22Q,로둥이들 기억저장소,55536,171,278
UCPxLtC7O-rG7EHsIaKvkYhQ,뽈따구의 자매일상,15933,63,132
UC6IV5eSM9wnnKz0cvv4sY1Q,두띵이,17848,126,14
UCSC9bIwIPWm663KDyN0iC9g,화물닥터,135012,4910,67
UCpSNh1uCMYkKheoMbGtUyyQ,박소율TV,83537,249,106
UCyfDOxvvaWdkf36B61uNsfg,유리짱은 먹고 빼고 행복하고,72322,434,29
UCfNYpcideepJLq1G1HTNKIA,꿍지효,428097,3450,166
UClErHbdZKUnD1NyIUeQWvuQ,MTN 머니투데이방송,1641261305,1090000,87273
UC0kV0_YgXeAWJcslATiLb2A,현재맨TV,67083,82,174
UCqz09l0llGyRyBKPzmsnQ1g,우하네 집,6686,24,26
UCaO8GOcDAgsvcMDbn9cyXEA,단루앤토토tv,2577,13,79
UCf8_LJl5wqTa-HPUn1EG-rA,맛송이,498148,440,205
UCVdg9q4Ugn2Ei3coO0LQm-w,뚜아이모,86991,97,90
UCYck4enEhUcc2Rj0efiIzjw,☁️나연☁️,301123009,332000,611
UCAbvkPV4k77y1vUA85qpaaA,우하팸TV,2789,21,38
UCX3T-EvIgYzE_BHfuz-ephQ,모ZZI 체리 🍒 ,6599,21,34
UCSmKpwGictx2FI3kUIGFV6A,사랑아놀자(Let's Play SARANG),966726043,916000,1884
UC-d-5FWuF2VABXmeX6oJ_gA,룽,124567,289,161
UC5eGlVGsSQik4RFTQtSZL8w,안녕뽀,18244,36,12
UCktGIKibxR7agzlF62Mbx2A,채정안TV,61688936,303000,462
UCmOkx4WGF0oIVWXZAGesA6A,#반추,11590,38,28
UCSddPdvaOBA1xJgFclxTDJA,라우미 LAUMI,2339008,3860,224
UC8EH_gGOIv5svErFLWcAwUw,JP이야기,4954532,12200,1405
UCN9UhfHu57u5vuQghyBJ4Pw,은슈팡,31553,84,156
UCdX3N07ik9RLeDTrxRSgNXw,황수현,7238,10,278
UC5XiIXSEQwk9Pq-Drnq8zQA,생명의물-위스키를 즐겁게,229174972,244000,2121
UC6T8s8Nuv4mRB5fBn2xYMlA,유정,90803,178,133
UCcduI68yyI0kd-hPoZPC--w,모카뉴스 Mochanews,1092702,3770,175
UCYZ2Mi3ZzNIybT81AJ8SoPw,멜롱,11755152,18400,217
UCyILkexJViXJs4BzkE-DFDw,먹짜먹짱,6610,6,17
UCFHtP2WSo2nFfM_ZH90F8yg,돌아온붕어형 TV,92960267,87200,15494
UCca0YsmhWdpDzcfar8h-hCQ,다먹어라이언,2073918,2270,663
UCW-o8sEz3HeyMlT2Rb0BJWQ,푸디수첩 Foodie Note,18478140,11400,432
UCSfgPu-8VM3n6Ds5jSioQ1A,감귤루파,44490,48,149
UCcwSXy3qiNgYrm9i5hG3kPA,싱유,9578901,10500,497
UCid83oPnsL-4ZEo8CyQr6Rg,PLAYLIST ORIGINALS 플레이리스트 오리지널,1133495908,2310000,1067
UCvQuPHxpHZSoA93XqUwxojA,뜨거운편의점,345302,1830,46
UCnJzRSE1AN-mVf43HyoVhXA,신이(인생유투버),5370548,5670,10427
UCcf8BI5WmgfI7QFD1Wbu0Rg,썬킴 먹스타,381941,273,128
UCG81bALt-viZ35WJ2MrTzVg,박슈handclap,111775,161,140
UC1ifSsWUG241rRfK0ezYCgA,KNN NEWS,1869547038,744000,92040
UCSGLWmylfWS6sulizva8HDQ,Crrystal Kwon,1842,4,9
UCQbZYWcQPKyw7_S82YA37aw,daily sunsun,341903,526,74
UCX_e_rcRbPWHEq47XlwYVDw,ma마pyoungsan평산,83211,174,399
UCPiPMXoDqqCt4TFhR7hEXBA,잇쿄డ,54256,94,338
UCfSQa-yE8mPVf6LJrIaHtug,맛없게먹는여자,41625,77,86
UC4iIaNE75g07AtClZa12pXw,중년의일상 tv ,88300,1440,294
UC4fWXCS_kJuRohcgfc8eOtw,키토바삭 ketobasac,1382572,4120,434
UCpDgfkAp1GSKaEUrUkvWsZQ,히히요빔,2743,26,1
UCBTlmQSKzqBt387PVmxV6pA,하람,2050,29,4
UC2K7sIx_y5zCiJhYvGG422g,금복치,99434,217,50
UC_k0j5SReaA_xtEieoe2Jbw,Midoguri The Hong,531883,756,449
UCjNybK46MDtOBnVYNUPh7rQ,KB국민카드,263369342,1390000,872
UCfRXkmpCuE7t27ar5_rMFmQ,연서티빕,330695,977,134
UCBpJkvf3rfzIuxmMgQP3vkw,내기의신tv,28161831,127000,2664
UCTjwlF8Y8hxR85JPUoZv-6A,김밍 KIMMING,326873109,202000,1098
UCEOjEIB6i3JDqN2NsflPr7w,윤자매 가족,112567,1490,271
UCNGVGHU2Hl1tVKvpe23KAEw,한균수의 경제사용설명서,3003216,22800,588
UCLyTbMM5-1OE0rNmbUlZo3g,수박파자마,5066,30,13
UCYXbRMhVvocncLImzNjogaw,정우형아,39851,72,92
UCXgb8VyEV0Bbd36VKdRvbTQ,얌슐랭,11703,11,12
UCkzlIY-QzH30w5Sc-9Jwbiw,Zahin Yusof,75263,407,95
UC4VncpAk_68PCImfVgFLYYg,기쁜하루 TV,33380,32,87
UCVQLjD_kupkqcT6WzNCx8nA,리틀도톨,10831,55,73
UCUapMyMaiGv9CayXfl6-0IQ,도비찌,982734,623,291
UC57_jVZTM427hTqYMXf7utA,You need 윤이든,54614533,214000,580
UCYLh6Ikyxv6TxYD_61__Jhg,파괴자,8756,41,37
UCIOEr3iUCYGUR9Q0IZAwfXA,동네고양이 ,64742,101,227
UCPyAhZQuHbEVlyX6LfBun4A,찬고리 Changori,12756584,60600,280
UCn3muNOXWDTyX_nkqb6Lowg,재튼,53287,82,10
UCTq3yxnjumzTK_gAbbLP3sw,백박 다이닝 - 음식과 술의 푸드페어링,150579,515,109
UClG1UsBhaxxCbo865VVS4sw,주린희,1626477,20900,1634
UCdUlfhrbNMuWgPq0jiobuXg,라밍,235593998,138000,528
UCBlrm7CGR4GCEyyuwG6hfsA,유잇,45651,298,102
UC2eKa8ECNHePTBF3S3UFGQg,얌얌디너,2172076,1430,548
UCjAkjBLISnDyNVP3SLnM_RQ,어리버리할매,2136850,3460,7722
UC9yr2AmA0ptBakmgF5aH2bQ,뿌뿌키친BBubbu Kitchen,1703059,5510,651
UCYKNf8Zatv5_jPdO34MFGcA,미스터비스트 백과사전,252843299,166000,305
UC8B4ZxYLawIsaOgRpMCCspg,흐비챠77,88483,72,373
UCdf2UjI6vUlyATHX3cgWfJw,얌얌재준과도윤TV,3149,63,15
UCASjMvySeCiAtlhMDyQqWoA,항상 배고픈 잇민,57974,46,22
UCo4wiBcmwB-VOB9XJRVG_bw,상가 고인물,325273,113,368
UC5hMIXuADw6Y9M9f2UP7pdg,또또크크tv,28143,167,545
UCUw9948FQIO8FimuAiaVlxg,서아공주 서준왕자,35034,88,34
UC9eQLJCIEV465eDWTNnjE2g,신우찬,4233,24,15
UC4mODXoafpslpipsggOJQdg,sunglasscat,25056674,82800,275
UCw22UA6MwvXgTD5HJooO-0g,겜로롤(와다닥크루),15823,103,530
UCfa1qkzcYTmeewwnSQCz9aw,세상에 맛있는 게 많네 - 세맛많,330145,212,87
UCmzz0CkwuL9WLQT69sgOzpQ,먹꺼리TV,3130,4,23
UCAeGSVRoR1XUrBisnZQjg2w,주주토끼,3117,11,31
UC_RaDSOmAg32Rv8Gvmy95_w,유니,62753,187,183
UCP3CIMNToxTabi-F81CbyFA,꾹꾹약사네,283742,843,368
UCpkrJoXfIAQz5ASAH2kZ4Xw,덕후일기장,767988,1410,313
UCi9XngywLz7NDgDNB3S22kw,정혁의저세상채널,194689278,438000,160
UC8u4hjBZp01YzUHXwL4AJGw,60초 신제품,154339,234,450
UCyK85kA39ArLa4M1eXseq1g,핑크요정Pink Fairy TV,175689,182,580
UCEZhaS-dVtmk1N9YbhP_A3A,☆*:.｡.리밍 .｡.:*☆,67251,378,56
UCL4E46goyq4iPxjCnLmmqPQ,모닝이 morningeee,81650192,37500,197
UCCpknQywVYu2-eiHdMvulwA,허꾸리,59737,228,140
UC7tj_vyqGKoxUa0elBgBh3Q,밸런스 투기장,700574,575,93
UCq0RmCRDJW5E3u8qOOIBaQg,리링🫧,1573,15,34
UC0V3FQBYLP0mPlZr6xOCipQ,리뷰하는 푸올이,5307284,4710,196
UCEjX44pQ3tX-jbiSEUPwCiQ,돌철,7131028,5890,1036
UCJJMF2U-yfNaM9tytGyJbog,너를위한요리 cook for you,5340822,11600,158
UC-IldJbL46A7LHpv1W65zng,다래,184,17,4
UCluahhZLheVxujGiWEYMn0w,"핑크힙, 응비",218987406,340000,1094
UCNCqbmbLUGNdtOR8rAxrBIA,또또 DDODDO,11114,15,20
UCKuJzcxqMmlT20w73CtCpNw,지영,5785,8,29
UCfzNkELBs6EqcBGG2mmO6OA,백여름 Yeoreum Baek,245616,180,42
UCtrD2qPGK6tm4YO9kiIvFSw,또또철학,42385059,34700,548
UCcuIEmAu7r63ipUTxp1sesA,niina / 元Kpopアイドルの韓国生活,562690,6230,137
UCWEAWTJfbWs49pJzjBfsr-Q,어설픈네,485401,1850,335
UCdG3DkS4uC4YlmsZHaf4pfw,허니베어,25358914,37800,255
UCryEDEosSOBOussJaW-B79w,제영Jeyoung,166969,590,70
UCVh6AahJ3GvSdGqwKXfX6yg,르미☆彡,95589,319,106
UCS287di6F3LTVuHKPtWBCEA,윤지,58,1,1
UCtwIQuacIhDO8v-ZpQuDxKg,톡톡시아 Toctocsia,997121234,1010000,1121
UCOrcQVIHdqd3piYFVaAvvxg,낭만기록,137581,200,35
UCDmG_qGz2C0MCayBZFurneQ,숩니,6487,4,33
UCuVyGzJginv6HmSKYRj_Yqg,TV사마열혈,1905807,1730,7770
UCnl0044-o1K2Yot4mjmSS1A,마치치,3867,45,16
UCmqr2QMOP7HvJVoqsO_9LMA,빵밀,12593,10,16
UC6FxnuV09nyja9zOh35yFSA,준맛 jun taste,2874566,12500,130
UCQabORQKQRHP-iUqe-xIFvg,스브스뉴스 SUBUSUNEWS,1664859722,1160000,6101
UCDonGdW-hNeQIdLXGkggarg,재쥬있슈,4949801,8910,457
UC-Bsa2ivAGWq7bsSPrPGFVA,입짧은햇님,984724243,1760000,3580
UCI24wqt6Uhw6GN9dUix1d5Q,부산특별시 봉구,10917672,21100,547
UCUY_NFzUFcuKxUDJqYS4kkw,정다슬,660,3,2
UCg55bz-6XypONFEdob_ud8g,릴미미 lilmimi,16552084,10200,442
UCIFi7OKLR8fNIhxehFb9tgg,땡절스 DanJerous,279276604,431000,320
UC5BffYxjvCB5p-eiHtTnr_g,꼬꼬,342155,249,232
UCDOpnSN0_uiAjA8dvX6pQ_Q,#씩씩삼인생 & 잡동사니 ,144588,609,427
UC3JvKJzx0QR_WGMNGiRA7RQ,myakyo,35502,101,16
UCNh5T3anRyh4m-pjsO1y3VQ,정대만,3516,7,8
UCDvtBDI9MU6HI5D7eg-CTBQ,깽이,1523491,2260,43
UCSwN5nM_YR8H39TIWEx7BvQ,내럽사,9480,65,17
UC_nQEX0ZhwEJqixE9GLedjA,꾸띠 청주맛집,619921,666,104
UCbbBOLWGjbYZxEURyuXjGgQ,하디맛 ,461554,437,65
UCy4PXtNGt5U2GetGvebdoNw,맛집 카페 레시피에는 계획적인 isfp,954709,695,264
UCGhYjQbVk8KeLvrV_bX4pSg,가보자고82,81584,63,84
UC25IPHWkY4boQqMx_cOhwSg,맛파민 matpamine,7448284,5560,116
UCLDIrVfMhUEYWRP-cfw7Y7w,얼레벌레,20779,17,21
UCwd6iGBeNZvp_bZF3ieVxjg,람반장,738666,1580,109
UCy8ZHqe8NLyl2DYTbKDkhBQ,타슈걸,139105,153,83
UCTJ-2pIiS9Ylscknlrs4vqA,Büşra Yılmaz Demirci,6524649,4730,182
UCew4XCPt9XOi2daXZVZM8fg,방관자,31097,26,93
UCPF2WvEWPP-1utUwwsdbeCw,떠들썩,385807784,52000,460
UClllpRU5lbwN_MamuKtttIA,텐끼 Tenkki,50989324,131000,271
UC5PQ4gLQt5jN-PDB4M8xGwQ,냠잇 yumeat,373334,297,74
UCcpriPAXadTELd-YS59xx7g,쇼핑핫플,17752,17,2394
UC5Vjk820Of9HV0J2UzUJg0Q,올챙,28362,107,8
UC-jV38DpH_2mbvN--bUOocg,멈블잇,8674316,12700,39
UCAeZCrSPPcIpPusiBxXSUoQ,pigpig_land,702565,455,168
UCBQFypdjGIJmAbPpSV8fc5A,아보하 A Normal day food,89665,158,36
UCHXVWmN1UQTpHSjz1CJLJ6w,리오리뷰 leeoh_review_,16882959,11600,242
UCY3Lhda58_b3dnGdUsP8jAg,세상세,20306526,11100,103
UCw0EkyH5KzLzMuDwFFTNSJA,원푸드 신상리뷰,158480,104,65
UCuSmzRzHUcwo-1Y5pNNVWJg,모사들(모를 수 있는 사실들),25943809,8200,343
UCayrG52BhSJ3ADpf45qJlmw,"태국 치앙마이 생활, 유진",351878,4310,96
UCqUbienniNtdTrUvKq3jLyA,희용희형,287566,218,374
UC6jZnwrOAoEghtDT10LZX1Q,Elli’s Impactful Ideas,249156,305,848
UCWdfcU7hjN2zV9IGrD7QIHA,숏조정실,846806,1610,20
UC466kSsqnP8q1f53bik7dDg,아끼리 akkiri,18334797,28300,295
UCmXwXpfrqz232N00Vlv7jLA,쵸코송이 쿠키,28369,13,92
UCxRgHV7dt9HNUDx227OA5PA,와인이야기,3746867,21000,395
UC0kcKVC8pp9LQZxT3wPpBBA,뿡아 - PPung-Ah Vlogs ,6322,76,38
UCuBd7wKvGCa--Dpcwxj2lUQ,김이슈,3495861,612,30
UCnd3ojsaX1x42pVHg8tmEYQ,후추스토리,102902,233,580
UCa_qDrI4ugR0exWckiMAzyw,한주먹,130648630,155000,1572
UCTqHehuti_bHU9VANauJmzQ,귀염tv🍀,8371,66,21
UC1UYTOkfwlUQhT-PtwQEcmg,BOSS MARVIN | 마닐라 파튜브 PTV KOREA |,1528414,2980,3297
UCaQmVd3Hryng9ylVOlRCkbA,Rinchae 린채,9,0,1
UCTt06evCG8qBn10lup5HX5A,뜨다,3602,9,264
UC8rQxsj8Ay78ombRukUxjWw,빵터진 엄마,8010857,6860,338
UCYpBlQYFk0A_YTxN2DGSoaw,육아유튜버 안녕혜진,339501,621,256
UCUijz41J3PLzd52MGhSXwYg,빵모닝,602218,1300,68
UCO1bHRBm7BArSgskA_NH1Bw,인생정보TV,946313,1610,394
UC8mwO5vi_qK4LKXibUMTMYw,info-moa,60041,125,603
UCdLp6h5_4wsATg4d--rDpRA,김쩡쑥,186843,464,172
UCwNJGCH6iQedHTS-rx7qQkg,제뚜의알쓸리뷰,9234157,11900,1254
UC5ucpfM5OR3Lw0XgteLEUIg,박이사의 외근생활,1060714,1370,990
UChma0jUbl9mpiL-B5zrRUEw,빡세리,94313,3030,6
UCGgERwl91XBdsx8ROadxY4w,위스키와 캠핑가는 제세동기캠퍼,104822,124,130
UC1Rz7a_DWtsE9cQwSyElE0Q,인생84,190589825,1180000,252
UCFz7H96RXU_Kvrj4q3BN7aQ,따먹세끼,25065279,34800,277
UClkZ7dUIW0aVMPpFQEeI8Hw,묘이 myoi,2385,65,5
UCFuy1wgCGQCpu0HIIfEzNug,효혜,430753,1850,196
UC50kvCXbD7trsO3j5gf2a1A,naru,5779,2,15
UC7fSGQ5hVSh5wS401SoIVeA,맛틸다,3781263,3210,409
UCrte8dhq1Aw8qFIbTKfLJdQ,먹찌빠,259668,182,70
UCELGzILR-mYaegx4lDTK0Ig,레몽lemong,1455,2,3
UC3RamGDdk9HVSJo8qQfF3JQ,이항벌,6007,94,16
UC5TGu-zodC4EeYyu8qNQ_Wg,안우니,114273,132,89
UCZYiJQBqcvnGHQ1HR6CHrlw,시그널 베리 🍓 ,76416,74,453
UC7QR1ahCOi5oK447pcTOx8w,시식만해볼게,20262,33,218
UCFWkXJX47WFH_Y0U3m8sY6A,메리모어 메사장,409130,4780,37
UCABgj5j_b1oMs8gF5rJZngQ,홈쿡셰프,11546073,38800,220
UCPTy0BNqiv-0SdAvFgrXvXg,매경 자이앤트TV,27047590,217000,1800
UC-dO0dP0QNkWtycZXiGFh6Q,anifer,1380569,1770,2640
UCV_S6elh49A_FxZXDtzByMw,달빛아래정류장,47710,214,110
UC8hkRbp-aFJtjBCQ8RarmzA,이게나양,0,32,0
UC9pJDQNwx7RUQ7Z21_ah3TQ,짤기린,1394574,2680,313
UCfNRKNOBL31I-L5Rd4jJaAw,워니하우스_wonniehouse,5149165,50400,197
UChxDD1RwEWMhV95IInC097Q,레몬옐로 잡화점,147386,575,270
UCMM5a10pp9wQv-6hOJCLMDw,스투,571371,17500,12
UCaC9nBfKPsqPs9aOyGTt8vw,예쁜점토,20152,82,178
UCKX6RlD0TAJT_QuVEKDZpJA,그림뿌,23044,90,120
UCYzaWlfck578Ss-elfYsoOw,저널주,2452475,17100,54
UCSQpX6c0WE4B0FwE4FQl-Zw,히얌zzi ☆,98846,1610,23
UCe8hJrLuO2GpVDgF2CNnogg,큐이“-”,51406,242,131
UCB0iI4S727iXExTQvEVG4UQ,미아 Mia,97742027,357000,840
UCH0p2ZHCivhlctg1xYP3vNQ,루미화이트,83787,416,65
UCpsNMj7rUtchnh74TqsE2Mg,아르크다이브 (arc.dive),173324,237,134
UCUvjvnV_SVJK8tmlPtFKyJQ,퀸소주 Queensoju,186186,386,70
UCDtjhyzDuxWpdDBkAOMz9Jg,정ㅢ,8507,1,16
UCeRbLgEEhytKLrvddwY7F7A,마놉,5477271,5900,204
UCBA-c0AljZNARhlrRX5ig4w,럭키비키랜드,20421,1010,36
UC7AzzyjaqkqpC9tLFsYD-Cw,씨유프리다이빙,182563,210,123
UCqgAm-6lQjN_psU2i8Y5rvw,레티,8459,6310,4
UCsAjI8286EZaB6IN49GstRw,안다링 andaring ASMR,136319,2310,34
UCVxi8kgp3SoipHIHwV1SC0Q,갬성겜왕,37348,150,75
UCvr9Hz-y8YxHcbZdo8DThlw,우리 ウリ,292431,1180,69
UCD6KiBEf5D9LqG_pmFqdThg,Lewon,298117,6850,31
UCbDssdgcLI8CxFbzohyU4hQ,FOOD KF,9633275,4120,951
UCafurERlp-jNThvjVNiNSRg,초망쿠,533403,3080,221
UChqSd_IQvCAwV0bfQPKKzVw,맛또리,31585711,21300,237
UCnQcXJGzsZzaTwpKIsOPDeg,메론쿠키,606700,1220,72
UCGC2xzLrDtz1lJjhgfHn1kg,브라더쿠킷 Brother cook & eat,14139,108,24
UCSe_Su14VG0Rkv39KnNMo2A,야미꼬,322098,275,414
UC-yUS8ANiHdFhvim3spUEJg,유튜브따라해보기,19550,14,10
UCMGI1tww4rh9rbARkPdqtbQ,서민승,2230,14,27
UCwwbRkJnwZ2_tNoG9COvI9Q,달다구리 daldaguriyum,13748,69,42
UCryzSX7i-veEEqadG-D0BlA,쭈먹밥,2309837,12900,165
UCBCY00Ox6Cins0oRwSLqNGA,슈기님,650297216,1460000,1477
UCJTQP0pITGuae7AvsPUu0ow,발상의 정화 ThinKing,1457919,1120,628
UCbGMvb0NfZ42jMdj0RgKW3g,오늘의진yes_todays,441094,521,142
UCDyTuDPmU3d_K3w3u_T0Jww,두루미와거북이삼천갑자,3002740,45500,71
UCnQMKdElaBbM5syDnnuwNmQ,혼혈아가반반핫도그,478775,1200,151
UC31vLbeBwxiqAqbe1ok7bZg,간간이 GAEUN,2575643,4550,177
UCva32pue7P9RS3luI25sTzQ,찍먹대마왕,1134552,1290,32
UCS1tMexDoCg33J2Y5cIpg6w,카라오의 브이로그 KaRaO's Vlog,1347468,1280,2014
UCNHy4k4jYWa8uYPZ7o8j_VA,편도리,111464,805,52
UCvNlyTtQC71-Iag64b9Fs_w,해피누나,1471903,5720,373
UCldcxcwgahRJPghUN_C2m1w,뚱이 ddonge,8341271,4940,376
UCkTrVAGagWEYW9DMnhkFGfA,배흠의 전당,123612,573,168
UCopG11lwY-0QOzcaUgg9vfg,뇌피셜보이,10748022,1520,117
UCtQ655esLDJhcHGbYMnHQ-Q,아거🐊,2009,8,28
UCzCrSLP1Sy1-i4va-74QttQ,펭순이,1569067,632,76
UCbZfhGVAqD-h854hSE1Mf0A,⭐️스텔라(Stella)⭐️,8858,48,64
UCKKYDHoiY1_GH1uYI57CyEQ,해빵일지,266048,200,88
UC17K1qx4E0ECE_6L4Q4LbCg,중소기업 공돌이,59189,1320,85
UCYf5WEUKl8tl68cUIfiHp4A,부웅TV,2362546,6690,1710
UCo-ed_fzd8aB_OXa3hh8wzQ,이슬다움_맛 스토리,38749,49,47
UCZBszxxc9phhdw_KXkPfbig,마빡,67238907,159000,2613
UC3obgkRkfnfoVIf1anxWg_g,먹어요,958730,1360,227
UCg6A-K5jmUHUbNqy2HexWZA,밥태팔 Babtaepal,162402,363,34
UC5wSrJoc5y-1Mq97czY3QgA,박홍 Bakkong,354621,3990,86
UCEq5_Oah_pPafNwS-u-HIEA,식후빵,1003398,53900,82
UCPxj2fXXeVkmYaflIB6vDQg,이대리의 특별한 한끼,73095,310,65
UCiih-CfhzLbT1XaAAB2mTDQ,지입팩트,123680,2060,49
UC0aa_KQuiMAtyi8-nyQf7Qg,몽땅리뷰 [MONGDDANGREVIEW],420160,792,92
UCDlNKRGa3ys0DtVM9dMLkgA,이나에여,31246,29,24
UCfw4S_gI7SA_W1Xn3XPTwaA,위스키를사랑한낚시꾼- 위시,3126648,7020,301
UCiiy1i6E18Fiytrho610zbQ,편돌이인생,3605,5,25
UCtLGd0uVqpS1cEvkGmojGWA,pasongsong,364261,485,96
UC0wPifBrVd6HmYSP_LK01eQ,베칸트,54754,20,154
UC-Spin4AB9x8w8WAddWfEhQ,"ღ""콩듀""ღ",30199,216,43
UCpFowp3b8onGRu9kvJIxvXg,Ml내로그,220871,249,48
UCmhlTh40LpUaObwoGA78RYQ,채아티비♡,434,7,11
UCw3uWv39pYsuZVoo37U8xBg,요한이의 다락방,15780,1090,580
UCP1u_x9BYnESkHfu5YBofvg,사라부작,31800,49,51
UC_s-Zq5f-KQxAX4oYefVFXw,뜨거운오이무침,5395,13,6
UCRmU_Ob4faLIy3BS2LVF6WA,한진VLOG_,9256,18700,7
UCn3RlO7nnTobBPWh9nFsNKQ,키치한 오감 ,2211317,10200,233
UCDjIzXN9bw0fkG2vC1YV86Q,세상의 모든 맛난것 맛요채널,12556,10400,130
UCyHOUeu6Jzb2HLSCr0pZKDg,연랭말랑,619891,2860,60
UCsaOT7dEPzsRZUDE_kgjwVA,모튀남,115439,126,22
UCWS9q42Pf51YRALZgbutetA,주찬랜드 joochanland,777865,1770,193
UC_vhcc6oRZ7U1T1UjwNbk0w,미예리,204595,2880,19
UC6HWVgwumO2JYoOsQa4_GNQ,다니점 - 피아노 치는 편순이,21933,1060,72
UCb0JtqZ0gTdGEukDS2CPlBA,밥플러,4437749,2440,164
UCicRKhV6scOpYnqZTgHYA_Q,⭐️YS도봉먹소⭐️시즌2,403029,1840,351
UC3HEP6Qyh1hdsUoAq5P6OQg,Normal Seoul,33464,3010,59
UCrfdfbGrDvKYNORnDpWxYhw,이종화,22535132,34500,2224
UCA2J3bk5N6Hg3isup3dDDUg,맛동산중개인,376399,219,32
UCaxvw2itQ6JV_68R3tYCrmA,정치열,383925,479,2015
UCm5e881woPgDIZweZiLAHSg,withpurples 퍼플,3328,7,13
UCA6KBBX8cLwYZNepxlE_7SA,히밥heebab,782431715,1670000,1044
UCy0hSrc423sqiG80j5MV94Q,마로롱,6302760,4030,69
UCIRmEwiClSf5dojZFaoSBdg,엽떼요TV,324870,344,907
UCg7fHWsDytE538U7qWdbf3A,창업두더지,166663,433,30
UCNAgqO1zaGkOJ2zwIuZ7nww,채채TV-채이의Vlog,3102,35,67
UCg0IfNO85KB0L-jVVHBN-vw,💧정수지💧,100657,193,60
UCuNXGRmqejDwQ-N51oCxAHg,Foodie Jun,461659,1540,17
UCttdbfn1ww1ug2jZpVALdPQ,반해나,249965,589,113
UCtJ7NyN2_LW2jvko99sliKg,먹방 여행가 세화 SEHWA,8349,14,19
UCukvBpjZhzJzJRnHcpCfQtw,친근한으니,7035938,1260,188
UCRs3bqvXphwRB_2Qwgl5-pw,최강재미니의 취미채널,319682,255,1057
UCv4IQzcK3Yrgg8LSGAmQzxQ,크림이랑 여집사♡,54506,109,515
UCXnwzyyusGg78cb0IK6aiXA,비만88,280925,749,151
UCWTK_W7DeRyGMpJU-HkKbHw,삼최강휴 இ,690423,3850,89
UCPAX_3qo1j4ZsoUYHkBrUOQ,ALT F4,1212795,7390,171
UCjkZd5g5_m2lMroDQOuxndg,참 쉽조잉 JOY,18833,154,52
UCq75BXaV15vUBQEBr87FwYQ,젤리지은,1700,3,4
UCl6Co9JSJWDgBHCYYnZ4aSw,아정 AJEONG,123962,2980,15
UCNGpy50pJKT2_Wzu_2UCGnw,라즈베뤼,136644,482,86
UCX3aVoY8W-w8tMYXizc5H8Q,하인수,67231,41,239
UCZCh7V0YhFvemqFLbtOb1fg,피그런이애오,302392,136,146
UCzNXiyOfCbgW_aIf0AZEcqg,로지브릿지 │ 물류가 필요한 순간,2398049,19600,1020
UC7CMdNI0gXfK2VSOa0xpxtQ,마니바MANIBA,8340097,21900,428
UC-E0WoP1qKAR3K8qpCgbZaQ,지다바라,144,2,1
UCMkj56N_uW3GKbf7sYL1XQA,편터리 Pyeontori,10019,13,12
UClTbkRgWf0LEP1AzCiautpg,Irene Baldivia,1434554,5020,1907
UCuTcaYrtodMiQfYw-p1PBUg,달땡이,11747,19,14
UCopDlGMFzSsmYY4InHAR3bw,#冰蹦拉icebonla,34848294,185000,778
UC1WjeZbba3bOYid82-T6SJQ,food way푸드웨이,79739,134,194
UC2wTnMBvQ_TH0qn5rJl8hWQ,The YUH Family,2664273960,2150000,1175
UC-ZooYHJq5Ty0CXO-nV1_pQ,잇츠오니 ! (Eat's Oni ),130112959,110000,253
UC-z6EUbJV8TQcRzuU7i404A,서맨두,99125,96,136
UCkt3Bhsb7UnjHtY76fx60sQ,하호세상,67363,162,79
UCAn7mufgm_gHTttwoVuuypw,당근극장,256315,1380,15
UCQSV8BwUdnbFhxlBgNlgjpA,직딩의여행서,38719,30,60
UCWoU6mKqxPJL9XvQH5bTDQw,UiProvei,2435641,95100,72
UCUFbvotRv8xh9RMoRT317QQ,앟현,8242303,3400,76
UCAWcDDS0J28A4NqINQA-I_g,sweety_dada,64503,155,66
UC3vCwX-Qz3_AoVaPTjaVwAg,먹는다.,1894,3,5
UCeai_4ZibhUTnVLAECKc2zw,킴래니,1988,17,6
UCbJat2cKXxRM24o9uMhrhXw,다이어터하이영_Hiyoung,1944599,684,269
UCi20A7Ku4PPi267iN5NLkVg,쏭스타월드😊,43851,159,94
UCGMfNxtDQMTUumgOw32YnoQ,이슬영웅,73983,191,81
UC6aKoPY187tDGMsQpFT2SXw,자본주니어,180898,684,578
UCZB-WTHTWUF1lteuBnFJ2aQ,구찌공주님,11649,9,8
UCxKiK_LwT1QuNEL9hoAHPwg,그린캠프,2583832,1880,119
UCFUGcNIG95hw52hXT2iYxgA,김민지,6595,5,12
UCBUxe541oLDjkfpDlsU1xNw,내모리,776,2,5
UCQsInjE9raoHeBFP_XZGHbA,김유방,2608,8,5
UCP-2oAeB3VJ4dgat0WNengQ,아기여우,12436,14,63
UCrtSK4SvNE67vQrSrcrXMbA,뉴뉴룰루NewNewlulu(새로운것리뷰),5164,9,44
UCMQUyRt2uIq3g6TVo97Qd0w,찐막살이,15397,71,31
UChxrncRBjCPVb-nLna5ytrw,김봉석,271396,265,2392
UCPVH_K13L0-X-ztuF7y1RWA,유유도치,370965,979,486
UCUfjhKhLa2hkSheJnJmTnkw,NoN,46013,125,18
UCe7SHXT55A019igKsucWNOw,jeeheekim,37236,45,95
UC_HmcEPsM6hKfPDGPR93Euw,이준남매 흔한이야기,1656,20,27
UCDpnVabx1kbv3tLFzI0ppWQ,희잇,122044,196,100
UCJCOHXUd_2ki5ywYZb59KcA,덕팀장,178696,133,139
UCUNekG_mOOBBmqb6fOKwQ1Q,MUMU ASMR 무무,67774,777,26
UCZyq9FEIy_lgikUDLsIx4Ig,댕댕이🩷,40784,116,225
UCXrNRQilABVi45J5bovpjSQ,솜다,138190,110,269
UCqpMSym4RnY2iuK-ooSLQ6A,이슈여왕,211401,152,64
UCIE9j5VmNsWyXgN_JmNp7Og,맛있는인생,515523,457,190
UCSDAOFjp3t1_Aj8aCAw0AwA,KPK,4,0,6
UCSxVYY8Tllh8KLCNrUmzuKg,편맘보-편의점이야기,65655,156,13
UCCALrK36DNi6at2DaWKtbLA,ITUBE,93477,744,823
UCz34nCmn033ZZlFuABytmow,봉봉2취향,35615,40,49
UCRLKhSXiQ4j1aCaT3PepNpQ,보라링,103554,211,49
UC5BTuAxjq1hCSPO_bUKRsiQ,신상리뷰쇼,49973,951,12
UC1d1ytyspyTEn5keA-FcQJw,쭈니은이,4043,15,63
UCf09WgpV1uCergkIMwofiOg,헤헷 ,49928,256,64
UCTzca6MPZnH7Ji5Dkfb2kNw,설니규._.,669,26,31
UCkzOfjvBEgsqW7Fjnr_ztPw,게으른 냠냠,12267,19,27
UCFy1lPm9xjcOaZnGWW5dqxA,안댕댕,1879,9,40
UC6HWHYao7vW8G-eHGru3OLg,설콩🎀,18558,118,71
UCYRs_0Rn6fJmndOzo4y7USA,🩷나여니🩷,7804,35,62
UC3WrwWKrhP6fx_HKkCID3uw,돈그라미,953959,830,23
UC4OORRQXoncIaGyQBrnzZGg,욤얌,67047,54,10
UCR5vHhMxnyqncONmHZjjVlw,진이의 플레이리스트,1021,7,8
UC77yWbAPZHOe-CxNCvr9G3A,깐깐뷰,607495,1770,105
UCSPLjcOyEAJptXwqXDPkRnA,상딸귀,15941,35,41
UCTG8qVr3ZpAgqnlkTaNohiw,현서퀸,5297,17,29
UC9n0SM6k4zC3C7A1AdXCCbw,반달샘 Dalsaem,467290706,275000,1045
UC2-w0rseR_K4jYkKL3j3nRw,라링@,444666,1390,312
UCUN2M_O_oKznK-eIimxu2LA,제주도 배씨남매♡♡,733,7,35
UCMTtnDzFp4ESvJ7YKBxKb7A,조경쇼,15483,35,79
UCx829sGFjD8ovtegRa4Sxtw,현승이의소소일상,1951,35,9
UCSRxlOETSa9g3iMjsEOsauA,네코_🐱,12885,83,75
UC1Cw7QDsL_sweFOrDWd1xYQ,톤톤이와,13430,11,22
UCWrCp_nNDAySSYaLdzMRrUA,전설의맛,22122,14,57
UCGbrfX3kKHAlO-nQpYxlsYw,유빵빵,109183,72,15
UCjXQ7UbrXy27bCv4hsAqWGg,Korean_nugu,436716,755,59
UC3g6TEjEJm0gHrOb_AsJU1g,이설.•*🩷,19766,73,154
UCjxVKPLlCvS2GZCdWRyzvFA,아로롱,7134,7,20
UCP8X2ZLYPJvjjT1jPxqtwFw,어둠의 수호자,21622,40,91
UCkk2hxcNjDBTPUFWQjb4jqg,맛집탐방 채널s,276734,541,287
UCvD6y8zybUW5DqXK4OPbJbQ,ᄌᄒ,247,2,10
UCAK9dKBg9Xr1yB6ir3RZfnw,데일리로(Daily Roh),6168,9,78
UCo-4d0zHYSXho6M-s6lhVWA,잼주,147,12,2
UCebiMEWrPJg-Vf5b9PPXz1A,TROY TV,51498,47,39
UCne2Xe3lZLzUMKVkQwqineQ,잡동사니,411432,259,672
UCKZfWb1lpaKoxVZufTTwqoQ,선민 sunmini,448233,1640,27
UCsiGwKoRvKIyZR32IlopCyQ,1 the jester,2467,27,9
UCjlghdluB8Ke5B7hUjENdUA,스튜디오얌,805500,135000,21
UC-JTjktEnHTS8j1ZiwkxO6Q,술카,351210,3050,54
UCtphs3Dn8Mq3KBJF6bliCTw,효로롱,45696,34,66
UC1YHwijiYX3lD5iWTwhZ_Dw,퍼핀(firfin),735744,757,98
UClnMDwz2RJpS8dFY7h85kVg,러블리하 ,5950,43,31
UC3oEICCB-XtHL-x55IXYYhQ,욘쨔미리뷰,4948,7,26
UC0NCrRs85zfBmdgyIJWV0jw,지구미10,380637,411,337
UCNTx1oZFK64WpYp8tsN5ARA,pulrim풀림일상,4059,2,8
UCX8ZHp5umS-Rmhbnmm6eJrw,채리채리,397960,1410,91
UComOsZuTGSwGu9R_3gFzvBQ,꿀맛팸 Tasty Fam,17209409,132000,161
UCgOG1kHQc3dV-JTscOIxn9g,카피바라짱TV,226816,1150,210
UCSA-SIzb_kGv65a0IojjidQ,햅뷰,91510,104,13
UCJ9e7dX5twgwIbJ3JtlfLQg,오달진 Odaljin ASMR,2082241,4970,745
UCwvQR2Ya4wci7MQMq8VaFLg,다희👑,5250706,15800,1005
UCABpbuWGmKomCu2Tr9RBbZA,초푸드[cho__food],7510,7,55
UCddL2orHD_5wYjtbYgb0zgA,파란돼지,3919,44,149
UCgwcFzS_a9mcODi9LU9QbGQ,강장군,20650413,39300,878
UC6g9iGPYjPWXaqJ5adfcrPQ,머니마니,22616,10,41
UCYfnGPZZxd1nJXveTe0jniw,먹쁠리mukvvely_,13395,6,15
UCfWyTWdUfi_EnE3PVRV92ug,BENI 유베니,33641965,136000,314
UCZJZuA1eYkN_wqKypPoqp1Q,Jonghyun TV 종현,188617,3640,197
UCXuTyJjFNFZ8HK3KhvjSFTQ,Dimaral's life🍀,1233,13,26
UCqqrc17QVIcfGm92kbuXijA,땃따,9054,10,19
UCGojmmZqk6-aqXrTYy3cf5Q,럭키 뽀냥,7246,15,23
UCr2OaJR3Wl5TISKQ_jwzBew,이은희,1650,12,15
UCXsscPaFAsXs8ceZU1pjCBQ,마실TV,369575,486,2905
UCOPIDCWzGpCi-lx_GbHMGOQ,마쉴랭,423837,2130,340
UC-kGEtRwsPjCGByUKjz3zIQ,COMPLEX NETWORK OF UNIVERSE,143963,219,769
UCeB9wg73GOWyrFuies75BPQ,吴先生YongMing,26482997,152000,219
UCbmAf8OWli7lSq3fYM2T_ew,Akkyさん,28362,21,16
UCwb1pmDu5Jpe1AdKMRDcL9A,윤찌냠,5652,15,7
UCoEZUSZygcHBW2diHlzT_ow,뉴스랭키NRTV,253504,407,657
UCcZtS9sISZ4NhBCGUNUt3OQ,유지중,172,4,2
UCmW0gu3kZmp4zRum-C3udDg,복피디 스튜디오,1254375,1800,1324
UCWrridByT5bNVK3dwdNPRjw,뿌니TV,13917,38,236
UCBFUfYy9F4kNwQqdwpd6Jhw,스마트라이프뉴스룸,194078,386,472
UCE1BI6WbBmydBqERBbdJkCw,예써리TV,89376,110,103
UClT3VC_kDpeYxceEbq5xBGg,콩유닝,277,9,14
UCesFY-11OAjpuyZyLF9GDZw,방송자들,74063410,78100,1922
UChMYn1TS4_wuQNVgqB2re2w,sunshine channel サンシャインチャンネル,26017781,81500,2859
UCf9I04PS4VM8y-va3ZFZjsg,맛있는일상,9132,10,31
UC1O8rgvTO1wMbZSJpagWnow,금공강,41089,57,94
UCEDjPLtMYej3DIZbIDjG0HA,모픽처스 Mo pictures,643705,414,167
UCjH1WREei6y_M9Js15zeeGg,지옥에 화나핑,117932,478,366
UCsksrUe44yNrrF-l7o1GE3A,Aliya Korea,7178686,30800,167
UCT9otarnlZ7Nvp3HLyt3Sfg,Mimi in car,6420,29,6
UC3ksPz2lVWmvWsop3LntJkA,glitter_food(글푸),3932369,3330,44
UC5wPS8E-vRoP_-CinjGWn_w,먹뚱,16744,26,24
UCtyIjCxoHIi55GmUJvo1utw,세젤영Teacher박,84327,200,482
UCvG_q0lJDYbwY-7IFUxfvxg,현금이벤트,272085,1060,398
UC7hS7BTO60OCDAMWzxHNAEQ,Soulbubu,28786,2980,42
UCxrW0tgZD6dDYIqZd4IXOHg,뉴닷 Newdot,1610,7,5
UCr4wMU8rDwf7exPWfoSxHdQ,업타티 ,3805,9,64
UCgaRx4nsLRJ5ct2dMSAvZgA,릴리드,17706067,18900,144
UCZiALw5Xkc2kR9mwyDcRVGQ,한입혜원 hyewon,7288,35,12
UCGQ-BQNCjwmrh95JY5QYjbA,바이나 ㅣ百娜,472661,652,238
UCE-5YtEJ6J6nl4Odm2qMu3w,남대문30년차미쓰코리아의그것이궁금하다,798905,2100,2491
UCbFJq6cIksAdoSG28ZzNjkA,야한입,240558,152,182
UC_zEqCalVnB-YrTBfiNw91Q,우리바다 우리수산,496090,1340,609
UCZK7tLrZ-g0QHB2Uf6Ruf7w,권누누,266,21,4
UCJYABnSKlJYA0C7oWoxDCsg,다글TV,16079,62,28
UCqRKUE7IlFruqQ91eTlsQ8w,종이인형 양푼이,400813,945,116
UCh1GHQINBF81NRB4IbGZluQ,오이탑,7070,2,15
UCs3pQ11qRCOqjSjnOoT_QUQ,푸언니,61469,39,54
UClTrZ19xWUZSda0fJfeVyHg,기묘묘,461793,336,236
UCcPO5MLIy-hIGblreZeznWg,욤 yome,815248,542,71
UCKCZHjn-wxSfmO69y51yOJQ,먹보패밀리,585303,431,249
UC8Sft84kLQjpyoAXpksX7Hg,허니 진저브레드,54595,95,205
UCTr-xORawEwcUVC7wYDB5Pw,수달이방,263051,454,109
UCYZBGYvjDvpzsGNpqWIV5uw,투찐공주맘,3511,19,27
UC7BXWxZ5MjMAnMEMF-YUw2w,Mas Nizar,1577747018,3930000,525
UCQvyP2YTkzC3XS2kYqOZD7Q,알뜰지니,250,1,4
UCh7BH931nr1jsY43J-reH-w,나미냠 naminyam,19613449,17600,15
UCxYeUr9PRXrKdPRBshOgXxg,힐링 센터__Healing center,471073,753,490
UCCxEPHnRX5Qm4gs64o-mfWQ,오닝oning,434232697,272000,982
UCSPvbFfZqKgl-NeJHvDO_Dg,오프너_0205,2341361,5780,102
UCalnSq2HFWlaO7Wwf8wdunA,Sugary슈가리,3325171,15000,171
UC4IVfgbU-LUFpcDkV1AGNFw,쮸냥,13163,22,31
UC39CTugM6kNmhLUUcIia2Mg,크로스보더 마케팅 by ForeignaySarah,78785,100,36
UCWfuiVnBFsGjuCq8OQPBm6w,예준 조,1471192,3510,474
UCN0dxfNmCIGMw7R5WVzmcyQ,한국취업센터,6304361,7070,213
UCslbO4Scn-Ptp4eVQhDcR6w,먹이내,77633,226,35
UCvcmC4Ep4bSVFD8zRxaQAuw,유연 YUYEON,5265697,54400,377
UCGv2XzPP_IkEnH_cgySQwbQ,김포동,16963,43,36
UC7UXJGmEJ1kGa5a2xD8nF8Q,주식회사 에스제이벤처스,12841,1010,62
UCofDF0YKQIi6Aj77isec2DA,Black's 이모저모,63037,24,52
UCj3J-kzQ04FroEjdQBjK3qA,썰예썰,252713,1310,77
UC-ZFCyh1sb7dUPey03gGVng,제로스낵,247718,159,53
UCPGiyQKhZmkvlTAp92dnIxA,아뷰,86422,12100,51
UCwSheWsZiJ9IxtbDWNj8cOw,SEALOOK Official,1707997909,8850000,494
UC5WQIYRVE57kMkAwtkHG7Fg,Drakula.095,44048,126,50
UC7Jq8o644y0FYpPRhdJAtMA,장쩝쩝,92731,122,40
UClzAsfvaOEY84hw6nvxJ5BQ,숑깡남매의 시골집놀이클라스,2639,23,20
UCgKsb9ZaA8NIfSfiXZHmV6Q,척,1847,4,7
UCvyHRqG0Ab5p8RjHOjYZxsQ,매직파브르,7434,35,69
UCJBhr6IKEWzz3GS0rYxJ-MQ,킹쥐,1635555,7970,108
UCORxeKaRJY6eu6RHpn7PgRQ,빵빵김은진,37847,35,32
UC7velcaqJuqYdGXho7tx5ag,더 트렌드 The Trend,166755,219,36
UCkNO_HU_TRCjJLHgRMARo4g,김나영차,98474,146,142
UCpvmS746nECg-L_fJlgbynw,시킨의 평범한 리뷰,459739,627,209
UClFjnkGhQod9XYDVF0XJpXg,한입만요,33385,21,6
UClK0H1dS-qc2Th4OH2wkvQA,aboutfan official,1139806,536,864
UCyeKFpNPad1pGApRwvhurTQ,모두티비,41744,54,147
UC-6Nvhl4A1XxZ5FzJ-Z41iw,이널바,91650,225,102
UCVlvIukVsgadnSu2NsmZ_Yg,시무는 냠냠중,148,0,21
UCld96CK9CAVBbOLh1un9q2g,유통의신,1303389,11400,273
UCdFiTvkzjsM2Be3d5Nk9lZw,JUNDAMEDA ART,265051,425,694
UCbcoUnnoMatiL5PgaRtUSAA,조남매의제주살이,82248,78,264
UCMXQWMPt5Zw0QpZ6gtwl6jA,예수사랑♡박소정(밤10시),168458,1420,976
UCLVyCdg1Ju6pgui5kpCeypg,일상주저리주저리,91651,860,121
UC8LohJJHKvn7oW_hUUF3IAQ,스타빌드,6130315,18900,1578
UC6Rz2sKOpNb3gObYsJ2CaSQ,봉봉봉,119428,128,97
UCpuOaaQtRaUYMPLRXBZvQEw,미운4살 삐약이,80807,189,147
UCVlKblMP9EpJMFyOnfqA84Q,리뷰맛,2164,9,10
UCJmRx6ns9-pbWs0lsWTp9UQ,봉봉이 유튜브,112559,129,258
UCgzRcVZHLIGfmnAjHfQn5tQ,🧸 김금쪽 세상 💖,197238,474,126
UC4yzDu480GgXKT0ZgSNTAZQ,믕멩멩,613,4,0
UCzk5I8JqBfuEzvbkDlvYHKg,침아일체 잇프피,5440189,5540,511
UCh9Fj0pkK5BPLpQLRKrRf3w,유명인 같은 아싸,167555,148,116
UCq_9PweOQGfu8ohmFQDOMUQ,팩조,88180,123,72
UCT_zhKrNEP7sNOXpuzc1TUQ,채소의모험,93273,68,324
UCJM33_c-tWZA3JQmagCMIhA,호잇 [HOEAT],260380,636,179
UC0AiiheUWRH0VFaukFX98cA,키츠,2599106,8450,921
UCyQ6lTAtPrKa_Yy5DgRQmXA,히히,1749,3,16
UC7ydSaE-LT1vHMyKwsGXxSQ,Dong Gil Park,62858,42,127
UCzWH1VjHlDo7AwtTg4NmDug,유포터,500,1,5
UCMdHlNTKyGVXI3f3FCWSFLg,박G,28121,82,46
UCTrNjd8U3-qFFBayqK41_iw,겸앤율,27354,43,48
UCQVutfknZgtzggrr1XMGnWA,맛은 봐야지,625,2,2
UCCHZFW5EqnxykvFwe8Zq5KQ,잘먹었습니다,16993,19,33
UCB8dWUI7QcGhCkb3BurIgig,조드리해뻔,114984,121,256
UCDTBZ7_NDmKslVS29Yv_DHQ,노랑꾸래 TV,200949,620,291
UCV0gxppT1T6SFl_7MhYrkJg,리뷰멍구,6192009,8360,252
UChk3ANDXWdRHILYJwgKao3g,먹쥬로(Mukbangjuro),10550,11,26
UCbfJBXb8uXbGpxxa3ZlCURA,Life's Palette,1271,1,6
UCNElUf866sJ6N9tPFYRhZFQ,말랑소 Korean Cow,77332,62,74
UCTkpx-X0lX4qrbiQF_Q4GDw,티프 TIF,204279,309,189
UCVVTYCkQ2RRaWq56KkaNBoA,☁️워뇽☁️,41492,103,199
UCkPtMh4i5kMB8xWMjFFpsrQ,seoin,86589,10,38
UCPFOwjxDy9Dgvw4fUfkhmcg,그다음,302177,317,61
UCF9ZckDZXlifSlql4LXdJNQ,가다하우스🧸,29120,66,79
UCCezkYy5UzNHnhkgd_1wzTQ,카우 cow,98552,273,184
UCPWxLtT_PsNZCfHGgNZN_Xw,은총맘,106406,157,221
UCRoBpqbNmX6lldj7XRmbIcA,zero0,6503,25,27
UCwI38-h7BdE6fYSfkKzWX3w,모두통신,122374,147,64
UCvbhYcEUppwpIn6nQiN-ehQ,기록,216325,256,726
UCGpIP-waXGqjpa3eCtwQwbg,기믄쥬,326743,1490,105
UCzo9js1vmeNB0N9k1vzL3Vw,Alena Piagai,18839,55,15
UCel29-dB5YkdVmEYFc2IL0A,강꼬부부 Kangkko couple,307538,2250,83
UCDDlqB501JdAyCNCstdK9ZQ,MIU IN KOREA,3931,7,5
UCT1wLyzK6qAPezxy-vGa2dQ,도란도란,216546,348,247
UC2A-1heDAgLvk92bgYJ09Ug,짱,2259,4,7
UCE1BQ0CEuZPKHpeZBraflRg,편돌편순,260,1,5
UCuLjoid8kKTKITvkUP94kJA,강원FC GangwonFC,9267013,23100,1745
UC255p_E0xm0ERIb6H8NLrtg,#Kfood #k-food #kculture #k-culture #K-Travel,235663,259,709
UC5p_nLvWWDprSgfOta8Ya-w,소상공인시장tv 뉴스,607272,1950,1432
UCotFITz7vGtrepBi_zTzf-g,박과장,86790,80,47
UCI8xZ8bO5tisPZ7kZB8xT7Q,MAH (Make A Healing),109597,146,501
UCqNRKDBryXnDYNFqE_y-TJw,빙수보이TV,194848,267,164
UCPQ1UbG_DKff-c1FBQhMOvg,혀나빠,1731856,878,351
UCLJEig_Nj5PNwF3b1qv59_A,히꾸 heekku,86211,527,26
UC-v5IiXP1U_1F6PWd-6e45Q,곰튜브TV,715536,669,1212
UCKR-c83Pz20cGVTBUjr89OA,찐찐따커플,20046,62,98
UCLse4-uW8osYDXjUyb1FUsw,정뚜정뚜 총총총,684665,772,802
UChgu1PX367znb1TTmdjEaCQ,인천현지인 뚭이,517565,214,86
UC3Z_oMuXosP8ydVS4TnzTqw,혼공혼놀,224744,973,942
UCzeb6WapGzNDBi6HxhZDS8A,하똥하뚱집사,431936,511,681
UCaX75fKFo-5GugwsbfrLa8Q,도도♡,44111,76,172
UC5UoID4tIZ5aerhSk3xAH9g,나설씨,13276,36,20
UCtqRXe0wn1kmIVJjDKKrxWA,손기택PM,42095,137,401
UCFdOB2Ln0_ulG9PaYZ8A-Ag,서아튜브,42145,67,204
UCQ0wJ_jxCId7if7I9Uxw3Yg,여행의발견,645208,2440,509
UCixD2-06gEz8GLEjpZRp-Mw,만두아빠,816509,961,346
UCwB3sy8bHysX4IDv7TmwtTg,에이덴 커피머신 - EIDEN COFFEE MACHINE,390918,1190,189
UC7MNZ4ClE8Sqb7QQ0OanYuw,포동이,18835,79,59
UCf_00A1rSRV-Qe2jAsVwvPw,채우리움,6313,10,27
UC0Z2JApDthdLUYf2FvnO3rw,펜촉의 전략가,32409,47,112
UCQgDY24IgZc4cXhLKJD5LxQ,혤뚱,166226,299,22
UC7SP1Ym5GlqRpXEggkrF11w,오나리하우스,2198850,382,99
UCAPhZTGUbqfmE4XtwqaeQ1w,머거유,17852,20,31
UCH80W6kz4V2L06JNQrsBJPg,수학쌤 방미은,931274,5270,419
UCXXQWzr5FM7OWZp4fRdg2qA,집잘나가는언니,107829,297,82
UCzJbEOFGJr9D4a0_Kh9GUQQ,foodhere2023,70041,45,72
UCX0PPSH9jcO9xvuATdJD0kg,승은이형,570950,192,60
UCeWT8aeIhio8bJ5n2OXbakA,박덕방,539538,813,43
UCldMeoonXSqsF8QEG0eb9Ng,아카데미 이투스에듀,743494,151,149
UCTSg5lQJK1PgXm4cIuSP5Eg,먹보스,234304,140,59
UCBIuJY076EmHzKOeud5-FyQ,평원 강승인 TV,685812,691,1066
UCU3boWMSnY0wlmXk7cjr9dA,소아,179,2,5
UCzgsl6nP_uevaB-7h05YZnA,포켓몬,25348,19,79
UCerJXXuRpxOW9kKrZSD81kA,운수대통TV,1107790,7930,437
UCYoWkFkToxuDFBRImXVEWIQ,digital nomad 100,7691,60,150
UCLEiNg-kZKeDI_LelZEzWVg,JW Shin,7071,13,27
UCDZ1zm1XeXX7_6azUHU38vw,alsrud7478,64206,71,148
UCcStOPxU_opH06dIRmmiMUg,템빨러,1354,4,5
UCeEC8NYcMIK_v9ry-m7e1PQ,맂렝프🐱🐣,692370,1450,324
UCghccamutuV81MfY40U-gvw,차주연커피,81426,192,162
UC51XGlXZcLnUWQT7OiKCBmg,고전리뷰,291,0,3
UCZcVDchLGgvjqO5WpThz0yQ,마여사 라이프,875800,597,160
UCpPH10VLSd-tjV4kt_Kqdng,댕언니,447360,1860,219
UCq14g-7l5Q-jTw39wdu6cDQ,요한의치과TV,203877,531,411
UCMAOmVthbhGPkiQ1W2V5xNw,맹들어,49146,119,42
UCHW5pRVXbRu3jLN8ze8ZIhw,choestory,90,7,3
UC54roqp4nhE5NisjS7xDGbg,토낑,129207,419,67
UCl7D59153bfBK417TuFMAxA,파야,464561,2450,405
UCNzdVgByBwToIDnxlj5TCvQ,앤유ᩚෆ🍭,80219,382,58
UC0n4Xwwi-3NO8Z-rWNH0VzA,상어TV,53238,240,90
UCti3rpcqckwd71RmqORkKkg,동태,20674,44,68
UCzjiZFVLLFW1SlbQERd3_vA,yongs,64772,139,120
UCy9Gwps66EZtZaGj_9lLCtA,Koshitomo TV 코시토모 티비,341021,1100,255
UCSHsSReLQF_YmcNOFzir3_w,변라이언TV,41402,139,381
UCXPwfVePUn7ghWdBLXaAEwQ,시노tv,184562,476,469
UCiHG8GlCWYZb72aj0QJiOvQ,이야,2145,8,7
UC5Z8rkecMLDVuioP0DL2yzQ,⭐친구의 민족⭐(Friend's international) ,52382,191,179
UCK3EU581rczreD8WaYjXGwg,엠지살림,76032,300,100
UCh8MQl98hMqsz82eRbWqOCQ,심자매 인간극장,35131,70,159
UCFzCUbplDr3-0OeQcVvYeBw,로네Rone,3007,22,26
UC-v6a9t1rJZ4ROATbRCU3oA,식사몬,1227,23,12
UCOy6A0M3sMB1Q50NGZuxaWg,올리브언니,37274,17,16
UCLEXBSOMbHQr6mpoKmVSdfw,유렝<_<,476998,1570,252
UCm_Dcch3SVqa4uEnYqWATBQ,목포는여그제,706312,495,503
UC9RtBnRG3U1Uhi_CvQZN6mg,보드리 x 동물동생들,682626,855,2815
UCwC8y7809H5ctP-LXBLJFGA,호야밍,13128,5,24
UC_-ucFvRkZKN6wreI8Xhplw,🥭 망고 요거트 🥭 my9미호,10438,28,109
UC5MfsA_X2KQFeba1rEfujkA,알콩이💖,1260611,2460,708
UCgaTBZSlx1vYX5_JRamBz9w,방탱공주,6296,113,38
UC9pabwMAn3_Bdx0m-i724Kg,개3,19091,29,80
UCqQN43haKOtewLCIgZ8-0Vw,하하하,4865,8,8
UCbnfbxkx0NHScou4fa1hzpg,LaLaLa 레일라,322858,616,156
UCL4oS3-m6OS4ucpwsEUPgng,꿈의수연,55718,306,89
UCwRQrWtT18ezTC7dpHz7UBA,ESES,23845,8,15
UCAJkDiCxayIahvYsgUPqsOA, 𐙚소현ᩚ이에여.ᐟ ,658698,5190,92
UCjIuVz-jMacv9OJwqJa9RkA,조이의 놀이놀이터,30200,42,59
UCuwKHWIX-IGzf256sKjKUaw,밥터디 baptudy,170914,506,322
UCpK6tRGPbbyTBojSk1BxCPw,딤빈,1956353,5160,142
UCXC7BcBDnQV2DLx6KQuICyQ,지데이데이,4116,18,37
UCL_EPKuhR1cYnnN2u7lm5ng,어금니TV,672,28,10
UCowzrgNkwvWjV6Z5BJARmyQ,깨알상식 TV,605027,663,92
UCpbHohE7reAT4T5430HPCVw,까쮸tv,1142561,3170,249
UC_La7o4wVnveQd4Dx_jFZJw,효정권효정,372618,338,434
UCzRcDY339ZvZ5nxV2ihBwdQ,린스랜드,344848,1240,183
UC7nPSwmhj5MG9B6cSn2qBPg,프로젝터창호(projecter chang ho),338353,865,635
UCtDNBWZpSBBPe0q8tfDBzoA,송뚜라,119021,242,160
UCqaFQCXEcs-l-DmoBluP0RQ,주당당,138150,558,59
UCf3XpDiAM0b66-No52ZXPNQ,볼탱탱 곰탱이🐻🐾,1104143,2550,620
UCGFd35As_Z4u3SnNAGkcFvw,내하루,372143400,485000,335
UC6-m2I4OXYk32OtYzF2y3HA,현우TV유,26712,75,53
UCYjta0ROwBtFlpzfmplpn0Q,솔언니,734,2,7
UCqmNRR4xx9ql8tDB9fMjUcw,소여니,2945754,3600,302
UC4uzlU97p0n556qA5tl4q2A,민크민Minkmin,43516,151,59
UCzNEaf1ou-gwADBRPjg9_Cg,또또네집,15538,60,87
UCgPjAvGcHBrJocolx_orU8Q,홍에서놀자,157693,483,63
UCKf_4fpwnLKvB46NROwfAiQ,나율채은,13202,55,53
UCNx-Qm5Bgi3BpIUsavxlhRQ,햄톨리🐹,24329,84,64
UCChkVclODcJ_-NQCPWlk-UA,이,211,2,1
UCXPX7NtPR1D3t1fxPnxnvRg,꼼대자뷰,16341,31,24
UCQm7SMfBVyuGzwmbrlz7ekw,윤밍 Yun Ming,19501694,7590,285
UCxpCVFRCK9IjfzZ9wH-rPWg,ShakeJ,224325,1220,355
UCfRULAjsFeULujU6nVhDRYA,링쵸 Lingcho,224179,540,282
UCg3VvZxw-azMyHA-75W18cA,리버리보,1156609,2360,779
UCTt-O4SVXiNv9-RtTZQULqA,찌우네 문구점🎀ིྀ,608,11,3
UCQO8FgVdz0o4uQvaCYrg6kw,민준tv,21694,35,66
UCExeLBUsFWxQCcCNhjfHClQ,감자영,46475,85,46
UC0Fyx0qpjtIwT4p5TNn93-Q,내돈내산 NedonNesan,90886,95,247
UCTi3KVq-LeoV1WGX5BIi_zQ,욱하는 취미생활,2017764,1270,1051
UCjqpWeu3VOyRL6KpACHvHCQ,피아노양 pianoyang,279032,1480,369
UC9p-pCQGT68ns1PNnGMc0TA,야리야,332240,430,384
UCdfsLEl5Csb-OkH1DPXTxDg,하루그림 drawing_ a_ day,566719,6490,708
UCl402YYy7RcH7PBI3npmGPQ,두치와뿌꾸,2093386625,853000,18133
UCI5VLp4hLEUoIuVcEyuJ3Iw,백씨는못말려,70628,201,136
UCPNYEVErrEw5IwkjMfk_-6A,머킨여너,596733,2500,69
UCO72FyZOLmaOwwx_oAkF6dw,김민옥TV,997874,2670,3185
UCJTyaAt681A9uSzZ5EIWlkQ,윤윤일기,15075,27,61
UCfsMYvAucdeIQTsv3ePUWag,지빈 ᡣ𐭩 ,5804,82,23
UCGy8cRHXWKQpWQ0PqmlASkg,도띠&토토,1193634,899,1591
UC2Pa5H6z-pQQPv-W7tPJVKw, 해피슬,2642323,7280,275
UCG-3iLn5mz_LyPhBCvfTMwg,알콩달콩 뚱딴지네,30190784,43400,2523
UCQ55edQinG7izp0URZXiSmw,지훈지호일상(지훈호),21994,40,67
UCxn7e2BkvscS_6e0vXejvpw,일딴뜯어,37907,1990,35
UC90BrEOYsblQPBvBhRRHbPg,모찡찌,21412,104,60
UC6sVAlfJRiZHdvuMowgsfdA,여러가지 가지가지,154734,112,190
UCV2klJbBdVftbSUXUzN7p-w,아재가 말아주는 쇼츠,22176,47,40
UCB7KZBUilaqALiz-hU6kcfw,"개그꿈나무써니, sunny!!",15815,48,62
UCL5EAphFAbY9ejVZ5N7D2ZA,캐릭터톡톡,23541,59,33
UC12If87gr-avmTxVXhahyvw,요니고니TV,278620,402,309
UCmgux74oTpOMwdUoSMqdHog,범규만 바라봐🐻,51250,209,110
UCukbM8WE8H6BBx3cZb1HWxg,TT Play TV,9638,23,151
UCADt6FCrHlmnvDzczHUL8Ww,리치맛 링찌ʚ♥⃛ɞ,11026,53,25
UCKvE4GhL4zJgo1v5pIJH88w,대리전문,1056055,1670,320
UCvMpMvtdc_zRWuxCyIQrKWg,쥴콩ྉ,453662,677,155
UCyHUXLCi7SAXRisd0DxemuQ,⭐스텔라 다이어리⭐,960137,1040,175
UCLhD4pR_1m3T5BRerYFO1Vg,모하,63931,130,99
UCo5IyfP_QTOBA7lU__E-NmQ,쑤니,8838,26,55
UC0bY32f_QQ3-HvwkbOxrI7g,예송이버섯,3702,22,25
UCJftXWbUrQyD64INkyLRZAg,유닝의 소확행🥳 Uning,94616,164,103
UCLD7LslDSuuyjaEOuIwhgWA,해루냥이집사,176431,249,472
UC6FgW1O-TkWJ0W_377lQoaA,냐은ೀ,498935,1490,216
UChQhoCbFXiJTyJaqgETf5bw,Food Travel,71049,102,35
UCR38oszDtDK5UJgoVUR2Tfw,지미_지미,7875,16,30
UC70nWLJJSvNlIcF6Br5r5Yw,신먹남-신메뉴 먹는 남자,44440,42,40
UCXkNeuV_VjWq0HxOqENp0LQ,뉴스인사이드,157685680,128000,12393
UCN9O-fDKf5HTS5kybadxfKA,자존감NO말하는게좋앙,22357,74,201
UC__5I73cvUV_qtgJTQwnFaQ,기록이,23340,20,10
UCUQ2I1M21XofQk0p_4UUSQg,팜💗녕,2798,12,18
UCY16nxRVML_vLUl15jiwEXg,맛똘이,121197,525,91
UCwcoZU2oYzxJUSxANvw4esw,민팔아카이브,15618,65,30
UCCmv0wAhukKi79A96F6ZW1g,리삐삐,6529,6,15
UCRpeD7G4tcQzgb8fakaL2-A,가나다라마바사,8283,8,85
UCTCD1zk8m_AAuqOJlBQb7Vg,와무우,2592878,3080,12779
UClafgeuQY1WTq1qF7o1JCJw,🍀먹하루🍀,136,3,3
UCqXnFU3tFKs5lO7qkOkFBNQ,Sohyun.,141415,570,33
UCflvZV_0oEvvAaibPw_XuDA,MK일상,19204722,36400,4882
UCOUAPWo9dpSO-NB6ExEQ5NQ,Pinkfong Shorts,41250672,73800,392
UC5FRGNN1QYQmgC9YOI7Xx_Q,혠님 Shorts,38637,67,132
UCsboZJDE_InBgv5ScPgT8rw,헛슈앙,28243,163,83
UCSiJ6rb7La79jVvviPT4eNA,재미나니,398218,777,552
UCWueku6aEQMKNVjne5l8quw,카피바바라,8306,26,71
UC7nCx2fCKpQ_TL-YQSFpTfQ,슈퍼너츠,4265,12,14
UCGRLfPBRalyM5UKCDiklz9g,히료TV,2218,22,23
UClZhClDRpFU4hXafBqkAAzA,먹박TV,73490,136,128
UCWQ-ofyB2CWOd-NRaVTamPQ,은별💫,27754,71,4
UCKNopbGLwf7IeHHi-c-_DZA,문콘김프로 cckimpro,19583,107,37
UCP07DIl6KcRO_5rVKqxi5gA,유유아이템,94259,147,123
UCQP-KLt0HnIxq5o9itSdZ9A,지 음,292059,918,76
UCTGC5FWxQ_H6MpgGKD_yR-g,@숭이🙈,78669,231,537
UCrjM2cvsBr8_EYF3RXRlIJw,리치뀨리♡,290560,645,530
UCSzsAK5Nojjd7r5BpJG6y3A,밍몽,8612,7,2
UCznaEbROvUoL2uGijQHDMTg,챠코,74072,166,262
UCeRlhHiILnLvURCpnLUk5Eg,렝츄🩵🩷,26882,70,247
UCYAJpIq0A8Sf-x4FL21JyMA,북한에미나이,5226369,21900,644
UC47SCY6Ezgrjwrt600EXuKw,유유남매,849378,1120,150
UCyIa81UaGZI3kf1cUnGgwxA,응이,32021,14,18
UCI5k_7T_Jmed8rDB5DzD-mQ,Korean nomad KonoTV,40062,39,247
UCdhS82kxfZzIt-UNX_WA1vg,외계인 체리짱,1617,9,23
UCnezRPSv7UR64aNCrD9J_RA,어썸이츠,7101,19,32
UCBiHHw0nhbDMvJsqG_LDhfQ,인더밍타임 in the mingtime,2453,54,6
UC0cGmY7Gmx5V2k6MaU6HYCg,Monde ㅡde ㅡcoton,30275,71,129
UCH2s8JwaY7rzozRJg7X23Rg,이혼술러,591255,595,970
UCQXwqXcBNrklQoc1CPp4b1g,따리포터 - 마법같은 여행소개,242899,266,178
UCG9JxQmkflUZ8omdqQOW5ig,뭐로 하지,3138,68,18
UCZQvXBMUT7ZMM5i9w9ZFp_Q,앤새ANDSADLY,270788167,162000,4354
UC48MMbyVWOtJNTyXbr2GYCA,CU리뷰,593,0,2
UCqcGbdaOhVbfAS-eZZJ4mGQ,🐱고얌이이🐱,417383,1700,107
UCAZe6HIZQROoRda0en0inWQ,크앙,29063,158,15
UC5YQcQaMrHzVMRtpVHs-ByA,탱쥬,116478,246,147
UC6gxG6TCSXz-B49I5N90fgg,도이치코털,572368,255,281
UC746SebBkhuMlAcDb4Ze7nw,숲 Forest ,17163,56,18
UCnzP2jfgx_TH7xrTwVC-aqw,대구미식가_대구에 평범한 가게 소개,83527,111,85
UC4E394G9WuS9y6SlBZslMsQ,신한은행,272240272,512000,1301
UCjpLXpG7-XUtdMJXm-dNQwg,인도남자,88139,1300,51
UCPtbL6g0eXjV3K_w-vw9KXg,먹성래,115123,71,25
UC8EW2YL1URpRuT4cFNIrDVg,딩크제쓰 | DINKjess,152096,196,480
UCaisyNUxVAdDEKcqcwkcB4g,우둘산 [우리 둘이 산다],91463,114,92
UCFqHmLB5eiW7nSXk8a2ofZw,리뷰빌런,4321304,7430,447
UC6TVx74nOf5DPln8c5UsAxA,SEOOUND,654,8,2
UCa8rVHM-mumCfaOKONziuSQ,MZ사저씨,36200,27,22
UCq5uDNUcDPE4VhYScjR3z4A,류이지,195645,177,133
UCYT_V8CELoi1oHD9yOGxY6w,루팡 대구맛집,156454,352,61
UCWXbsj7SEZWVwYFQ-z5SyRQ,Today’s table,7843,14,14
UCnTyUIJFUYChqquT9G3Guug,별이캐슬,135084,238,756
UCUc7f3V7uhADK3p1SHsimBw,에너지경제신문,5586752,17300,1873
UCtRbMgJjAPcRnDbn1WMuXmg,짤먹,333754,120,95
UCyA8siSdUsFIE1t9ziVBzkQ,쏘쏘젤리,71346,877,384
UCmUcurUtqA_abm74T90UPBg,학쓰로그,40109,27,13
UCNXOpQIT53rQOgAgfN3YE3g,하고잡이 제주댁,122798,213,88
UCaEL2e4ur8XPXa4vm6pyLlQ,희재,17703,38,31
UCKSLJ6YywkHhZHYjcipv5sg,빙랜드 Bingland,717144,1830,377
UC6tnKnxf6vU_plpcbLmzurA,짧맹뭉,54814,87,71
UCRIMFIf4EwzFZzOxrBZSqEg,김김의일상,541009,455,422
UCQeVSPCX3R9YIIeuWmXyvzA,15초리뷰,39594,10400,18
UCpZ8Xby4fUbdBGV2zFe-3nA,그래서 얼마야?,74620,51,39
UCAgoYS46Jq6-nqdHoGNGk3g,MONICAnoKONOMI,29528,31,42
UCpoLBxncg7IxGFQiuPXE7HQ,쌤쌤 배쌤,218480,4540,216
UCcBXJzBn_1YM8OPkGg8WcJQ,재현,29469,57,90
UCnHn3B-Q2EGabHmtVoZadxA,경제관념상실,4139,20,15
UCk0Ze2QsvjIzCnQNeeb-8qA,달별이tv,12534,45,139
UCVvspSqdUvlkyY3vzBw13rA,안기린 - 수다스러운 부부생활,29121,36,47
UC1xC7AF5gVGl2XJ9CQW9WZQ,랭크리그(RankReign),140472,81,188
UCP6Z0yG9AbLi57H1j7Vzn6w,피규어집합소,66660,200,54
UCnk8bdp6_KWBRlJbojJOJKA,민쓰쿡 Min's Cooking,426982,4960,226
UC-2-QnqHWddk79-XM7tFa1A,채녕,636,8,19
UCRxNgNnp7F4W0WvczW5kUmw,인스티즈(instiz),67524005,10100,2247
UC4URaqlFZWxhLv2by0BdIJg,Youtube. 콕사쿠,40430,265,176
UCaw84gf72Pu8iaPMbrH0KWQ,해모해모작업실,4235,9,11
UCWIDsWtE4PpHfzkMd6KXmmg,쿠,16137,19,10
UCoZV4nxgJnn-6w9dZMvDDgQ,정유나TV,76904653,236000,898
UCVlROsvV5XvCL4HdcTVXf_Q,피자의 게임세상,39890,87,43
UCmz3UTw3hzZ62J_88I5bQPw,건몽어스,11467,7,54
UCO_R3DYw8Vjk87-sMhteDUw,IB토마토_경제뉴스,3319047,9340,1327
UCR54kk_QPF_G8pLwWR9ZDjQ,먹춰바,44558,46,63
UCW6qycpW3cOgUq16pqeDgfg,자두언니,83228,142,81
UC4cycaSHHl2MhHGRhMpz8Rw,달리 갬성 채널,240873,291,131
UCpEegzwvdem7wCJNn9To7SQ,jjjjjy,35894,26,52
UCIfuzr99vAkKQOk8GsBw4Dg,K,57536,77,111
UCQzHsAkvXmX7gZIFkxlgN0Q,근하하하,2379,19,5
UCvqzzLZLQBeoiLNVUy0xAbw,꾜북탱,46577,255,74
UCmvqtBEL3UM3VpVIKkCjPmg,AJUTV FUN,80187830,55900,11398
UCAuAbi3YzMC7i7r8a0S4Www,strawbetty7 ,53066,731,864
UCIwqFWQb21QsvcEdZ3gHOow,유키,711913,1310,55
UCnGH-YERY4Vt8RzIi892fww,다이어트할뻔한남자,14636,50,14
UC_xRVTfuc0abJyAH6KVMnlw,여행하는 은둔자,89163,139,353
UCjA2l2vDT1ER-UPLNpN7MLA,코어,7276,208,30
UCVglrltqmFI6wdDcc-ggoBA,파밍걸,40817,64,63
UCchgcdwDE89rXW3YOCaKLmQ,술직히 말해서🍺🍹,2319,3,5
UCAOwgPGyTqE81g23rM08X3g,우리들의세상KMTV ,133733,458,50
UCjlqtdJnJVOHwWKy2VjeCjA,얌전이,95453,74,4
UCFIa9hERF12eZ_NlpmpXzUA,미르왕짜,207777,1210,316
UClHps58rJ3mvU8EmLv5ZPew,TODAY 썰모음,124304,35,44
UC8egecwna-A0VRu7wDZjGEw,모찌 만들기,12929,36,93
UC0eqhwqdgr9wNeDJc1ZjpDQ,예바리,20232,104,45
UCGdn3Jux2HgW4rk1-iJLeQQ,헤마르,44124,128,289
UCFQ6hzMsVr3iZNrgth3E0_w,WIKITREE 위키트리,77129833,150000,5125
UCAtHR5ZipJTb_woBym6GzRA,배주스,62984,53,53
UCsj_jpjl19Aix0Xp1hYqR7Q,Haruga,29531,59,102
UCL-NuYqEgy1konX20cRRalg,먹깨비부부TV,575594,362,198
UCIZzpxcbm6UFxi1CSN6RS2w,이공이삼,12625,59,19
UCWJm7f3GXDfBNGoGDvtW5Iw,냠,111447,486,88
UCtMf_uhPYUL5PGtCKZvGX7g,리뷰하는 깜고,411216,487,158
UCXhF9aG4HROsXMGEkiW2kqQ,연경 ʏᴇᴏɴᴋʏᴜɴɢ ,1638,35,10
UC6NNKph0M62-_kzceRBgwjQ,헬로차일드 Hello Child,74334331,192000,455
UCaP0h0wqTX0Z2Hq6vueYyLg,여뭉TV,656564,3030,193
UCW_wJjLBWt_0Eu6QgJJ7IxA,다정,130645,1040,12
UCOLu422o_A3JGbzaoUDT3_g,KIM ILINA life,330721,1660,230
UCiK3IVXyClQg118ern13u7g,mckrap,949023,646,1420
UC1k58VwDHMGrJsBU5A2H-Yg,구독할인,45734,26600,48
UCWNjb-TSXs0rT9lFLhEUUeg,예우스♡,66190,151,270
UCsa2y-K_b2eue2fzmaAMrgQ,김뽀밍,962,12,11
UCACVeGufdHvgbV1DleKKUkQ,림콩이,2944,34,35
UCSDupq9n-SKGx3hKDuEhcMw,황형구,19919353,53500,215
UC2Zhlr9QUrtNJ3d6Xp2M9Ug,마이밍,2001,8,38
UC44clXfNi82gEQmvEceO1PQ,유콩🍡,12186,56,85
UCvy2Cus3kwkWRZd2xz_uoDg,didjdidj,4282,17,124
UCzVJ39-E9jEQWAlg6lCUYlA,잇츠굿 eats__good_,228072,832,159
UC16PJbBlTTEBBA-N9A7qjgQ,Tavin Zeise,574234,1330,197
UCasQrHfwuK_RZXpN1qMayOA,Tattooedadoptee1987,121945,247,555
UCIwpjQgUjepJ5Kfc0C-Whng,Unnie from Seoul,161082,1650,94
UCCrfuodhlfZSjv10-dcA9jQ,Eunji life in korea,45951,116,158
UCUCCHeHCoYu2CADGfVlXNGQ,Ezhova TV,1336150,7470,109
UCyBXsMIksA4FbNKrNnpnQ2A,Jung in Korea,1668001,6290,486
UCuJO3uGJkGGSu3b0G6EIRbg,Korea Daily,138581,1790,38
UCetG8gMphBhICkPY8DSoBlw,whawha's food trip,68546,115,129
UCyjSesZPC4AzCI5QYt7jG6g,Dung’s chuuu,685,3,3
